{"islam-Land":{"Audios":{"Surah 114 An-naas (Los hombres)":"http://www.islamland.com/esp/audios/surah-114-an-naas-los-hombres","Surah 113 Al-falaq (El alba)":"http://www.islamland.com/esp/audios/surah-113-al-falaq-el-alba","Surah 112 Al-ikhlaas (La fe pura)":"http://www.islamland.com/esp/audios/surah-112-al-ikhlaas-la-fe-pura","Surah 111 Al-masad (Las fibras)":"http://www.islamland.com/esp/audios/surah-111-al-masad-las-fibras","Surah 110 An-nasr (El auxilio)":"http://www.islamland.com/esp/audios/surah-110-an-nasr-el-auxilio","Surah 109 Al-kaafiroon (Los infieles)":"http://www.islamland.com/esp/audios/surah-109-al-kaafiroon-los-infieles","Surah 108 Al-kawthar (La abundancia)":"http://www.islamland.com/esp/audios/surah-108-al-kawthar-la-abundancia","Surah 107 Al-maaun (La ayuda)":"http://www.islamland.com/esp/audios/surah-107-al-maaun-la-ayuda","Surah 106 Quraish (Los coraixíes)":"http://www.islamland.com/esp/audios/surah-106-quraish-los-coraixies","Surah 105 Al-fil (El elefante)":"http://www.islamland.com/esp/audios/surah-105-al-fil-el-elefante","Surah 104 Al-humaza (El difamador)":"http://www.islamland.com/esp/audios/surah-104-al-humaza-el-difamador","Surah 103 Al-asr (La tarde)":"http://www.islamland.com/esp/audios/surah-103-al-asr-la-tarde","Surah 102 At-takaathur (El afán de lucro)":"http://www.islamland.com/esp/audios/surah-102-at-takaathur-el-afan-de-lucro","Surah 101 Al-qaaria (La calamidad)":"http://www.islamland.com/esp/audios/surah-101-al-qaaria-la-calamidad","Surah 100 Al-aadiyaat (Los corceles)":"http://www.islamland.com/esp/audios/surah-100-al-aadiyaat-los-corceles","Surah 99 Az-zalzala (El terremoto)":"http://www.islamland.com/esp/audios/surah-99-az-zalzala-el-terremoto","Surah 98 Al-bayyina (La prueba clara)":"http://www.islamland.com/esp/audios/surah-98-al-bayyina-la-prueba-clara","Surah 97 Al-qadr (El destino)":"http://www.islamland.com/esp/audios/surah-97-al-qadr-el-destino","Surah 96 Al-alaq (La sangre coagulada)":"http://www.islamland.com/esp/audios/surah-96-al-alaq-la-sangre-coagulada","Surah 95 At-tin (Las higueras)":"http://www.islamland.com/esp/audios/surah-95-at-tin-las-higueras","Surah 94 Ash-sharh (La abertura)":"http://www.islamland.com/esp/audios/surah-94-ash-sharh-la-abertura","Surah 93 Adh-dhuhaa (La mañana)":"http://www.islamland.com/esp/audios/surah-93-adh-dhuhaa-la-manana","Surah 92 Al-lail (La noche)":"http://www.islamland.com/esp/audios/surah-92-al-lail-la-noche","Surah 91 Ash-shams (El Sol)":"http://www.islamland.com/esp/audios/surah-91-ash-shams-el-sol","Surah 90 Al-balad (La ciudad)":"http://www.islamland.com/esp/audios/surah-90-al-balad-la-ciudad","Surah 89 Al-fajr (El alba)":"http://www.islamland.com/esp/audios/surah-89-al-fajr-el-alba","Surah 88 Al-ghaashiya (La que cubre)":"http://www.islamland.com/esp/audios/surah-88-al-ghaashiya-la-que-cubre","Surah 87 Al-Alaa (El altísimo)":"http://www.islamland.com/esp/audios/surah-87-al-alaa-el-altisimo","Surah 86 At-tariq (El astro nocturno)":"http://www.islamland.com/esp/audios/surah-86-at-tariq-el-astro-nocturno","Surah 85 Al-burooj (Las constelaciones)":"http://www.islamland.com/esp/audios/surah-85-al-burooj-las-constelaciones","Surah 84 Al-inshiqaaq (El desgarrón)":"http://www.islamland.com/esp/audios/surah-84-al-inshiqaaq-el-desgarron","Surah 83 Al-mutaffifin (Los defraudadores)":"http://www.islamland.com/esp/audios/surah-83-al-mutaffifin-los-defraudadores","Surah 82 Al-infitaar (La hendidura)":"http://www.islamland.com/esp/audios/surah-82-al-infitaar-la-hendidura","Surah 81 At-takwir (El obscurecimiento)":"http://www.islamland.com/esp/audios/surah-81-at-takwir-el-obscurecimiento","Surah 80 Abasa (Frunció las cejas)":"http://www.islamland.com/esp/audios/surah-80-abasa-fruncio-las-cejas","Surah 79 An-naaziaat (Los que arrancan)":"http://www.islamland.com/esp/audios/surah-79-an-naaziaat-los-que-arrancan","Surah 78 An-naba (La noticia)":"http://www.islamland.com/esp/audios/surah-78-an-naba-la-noticia","Surah 77 Al-mursalaat (Los enviados)":"http://www.islamland.com/esp/audios/surah-77-al-mursalaat-los-enviados","Surah 76 Al-insaan (El hombre)":"http://www.islamland.com/esp/audios/surah-76-al-insaan-el-hombre","Surah 75 Al-qiyaama (La resurrección)":"http://www.islamland.com/esp/audios/surah-75-al-qiyaama-la-resurreccion","Surah 74 Al-muddaththir (El envuelto en un manto)":"http://www.islamland.com/esp/audios/surah-74-al-muddaththir-el-envuelto-en-un-manto","Surah 73 Al-muzzammil (El arrebujado)":"http://www.islamland.com/esp/audios/surah-73-al-muzzammil-el-arrebujado","Surah 72 Al-jinn (Los genios)":"http://www.islamland.com/esp/audios/surah-72-al-jinn-los-genios","Surah 71 Nooh (Noé)":"http://www.islamland.com/esp/audios/surah-71-nooh-noe","Surah 70 Al-maaarij (Las gradas)":"http://www.islamland.com/esp/audios/surah-70-al-maaarij-las-gradas","Surah 69 Al-haaqqa (La inevitable)":"http://www.islamland.com/esp/audios/surah-69-al-haaqqa-la-inevitable","Surah 68 Al-qalam (El cálamo)":"http://www.islamland.com/esp/audios/surah-68-al-qalam-el-calamo","Surah 67 Al-mulk (El dominio)":"http://www.islamland.com/esp/audios/surah-67-al-mulk-el-dominio","Surah 66 At-tahrim (La prohibición)":"http://www.islamland.com/esp/audios/surah-66-at-tahrim-la-prohibicion","Surah 65 At-talaaq (El repudio)":"http://www.islamland.com/esp/audios/surah-65-at-talaaq-el-repudio","Surah 64 At-taghaabun (El engaño mutuo)":"http://www.islamland.com/esp/audios/surah-64-at-taghaabun-el-engano-mutuo","Surah 63 Al-munaafiqoon (Los hipócritas)":"http://www.islamland.com/esp/audios/surah-63-al-munaafiqoon-los-hipocritas","Surah 62 Al-jumuah (El viernes)":"http://www.islamland.com/esp/audios/surah-62-al-jumuah-el-viernes","Surah 61 As-saff (La fila)":"http://www.islamland.com/esp/audios/surah-61-as-saff-la-fila","Surah 60 Al-mumtahana (La examinada)":"http://www.islamland.com/esp/audios/surah-60-al-mumtahana-la-examinada","Surah 59 Al-hashr (La reunión)":"http://www.islamland.com/esp/audios/surah-59-al-hashr-la-reunion","Surah 58 Al-mujaadila (La discusión)":"http://www.islamland.com/esp/audios/surah-58-al-mujaadila-la-discusion","Surah 57 Al-hadid (El hierro)":"http://www.islamland.com/esp/audios/surah-57-al-hadid-el-hierro","Surah 56 Al-waaqia (El acontecimiento)":"http://www.islamland.com/esp/audios/surah-56-al-waaqia-el-acontecimiento","Surah 55 Ar-Rahmaan (El compasivo)":"http://www.islamland.com/esp/audios/surah-55-ar-rahmaan-el-compasivo","Surah 54 Al-qamar (La luna)":"http://www.islamland.com/esp/audios/surah-54-al-qamar-la-luna","Surah 53 An-najm (La estrella)":"http://www.islamland.com/esp/audios/surah-53-an-najm-la-estrella","Surah 52 At-tur (El monte)":"http://www.islamland.com/esp/audios/surah-52-at-tur-el-monte","Surah 51 Adh-dhaariyat (Los que aventan)":"http://www.islamland.com/esp/audios/surah-51-adh-dhaariyat-los-que-aventan","Surah 50 Qaaf (Qaf)":"http://www.islamland.com/esp/audios/surah-50-qaaf-qaf","Surah 49 Al-hujuraat (Las habitaciones privadas)":"http://www.islamland.com/esp/audios/surah-49-al-hujuraat-las-habitaciones-privadas","Surah 48 Al-fath (La victoria)":"http://www.islamland.com/esp/audios/surah-48-al-fath-la-victoria","Surah 47 Muhammad (Muhammad)":"http://www.islamland.com/esp/audios/surah-47-muhammad-muhammad","Surah 46 Al-ahqaf (Al-ahcaf)":"http://www.islamland.com/esp/audios/surah-46-al-ahqaf-al-ahcaf","Surah 45 Al-jaathiya (La arrodillada)":"http://www.islamland.com/esp/audios/surah-45-al-jaathiya-la-arrodillada","Surah 44 Ad-dukhan (El humo)":"http://www.islamland.com/esp/audios/surah-44-ad-dukhan-el-humo","Surah 43 Az-zukhruf (El lujo)":"http://www.islamland.com/esp/audios/surah-43-az-zukhruf-el-lujo","Surah 42 Ash-shura (La consulta)":"http://www.islamland.com/esp/audios/surah-42-ash-shura-la-consulta","Surah 41 Fussilat (Han sido explicadas detalladamente)":"http://www.islamland.com/esp/audios/surah-41-fussilat-han-sido-explicadas-detalladamente","Surah 40 Al-Ghafir (El que perdona)":"http://www.islamland.com/esp/audios/surah-40-al-ghafir-el-que-perdona","Surah 39 Az-zumar (Los grupos)":"http://www.islamland.com/esp/audios/surah-39-az-zumar-los-grupos","Surah 38 Saad (Sad)":"http://www.islamland.com/esp/audios/surah-38-saad-sad","Surah 37 As-saffat (Los puestos en fila)":"http://www.islamland.com/esp/audios/surah-37-as-saffat-los-puestos-en-fila","Surah 36 Ya Seen (Ya sin)":"http://www.islamland.com/esp/audios/surah-36-ya-seen-ya-sin","Surah 35 Faatir (Creador)":"http://www.islamland.com/esp/audios/surah-35-faatir-creador","Surah 34 Saba (Los Saba)":"http://www.islamland.com/esp/audios/surah-34-saba-los-saba","Surah 33 Al-ahzab (De la coalición)":"http://www.islamland.com/esp/audios/surah-33-al-ahzab-de-la-coalicion","Surah 32 As-sajdah (De la postración)":"http://www.islamland.com/esp/audios/surah-32-as-sajdah-de-la-postracion","Surah 31 Luqman (Luqman)":"http://www.islamland.com/esp/audios/surah-31-luqman-luqman","Surah 30 Ar-rum (De los romanos)":"http://www.islamland.com/esp/audios/surah-30-ar-rum-de-los-romanos","Surah 29 Al-ankabut (De la araña)":"http://www.islamland.com/esp/audios/surah-29-al-ankabut-de-la-arana","Surah 28 Al-qasas (Del relato)":"http://www.islamland.com/esp/audios/surah-28-al-qasas-del-relato","Surah 27 An-naml (De las hormigas)":"http://www.islamland.com/esp/audios/surah-27-an-naml-de-las-hormigas","Surah 26 Ash-shuaraa (De los poetas)":"http://www.islamland.com/esp/audios/surah-26-ash-shuaraa-de-los-poetas","Surah 25 Al-furqan (Del discernimiento)":"http://www.islamland.com/esp/audios/surah-25-al-furqan-del-discernimiento","Surah 24 An-nur (De la luz)":"http://www.islamland.com/esp/audios/surah-24-an-nur-de-la-luz","Surah 23 Al-muminun (De los creyentes)":"http://www.islamland.com/esp/audios/surah-23-al-muminun-de-los-creyentes","Surah 22 Al-hajj (De la peregrinación)":"http://www.islamland.com/esp/audios/surah-22-al-hajj-de-la-peregrinacion","Surah 21 Al-anbiya (De los profetas)":"http://www.islamland.com/esp/audios/surah-21-al-anbiya-de-los-profetas","Surah 20 Ta ha (Ta ha)":"http://www.islamland.com/esp/audios/surah-20-ta-ha-ta-ha","Surah 19 Maryam (María)":"http://www.islamland.com/esp/audios/surah-19-maryam-maria","Surah 18 Al-kahf (De la caverna)":"http://www.islamland.com/esp/audios/surah-18-al-kahf-de-la-caverna","Surah 17 Al-isra (Del viaje nocturno)":"http://www.islamland.com/esp/audios/surah-17-al-isra-del-viaje-nocturno","Surah 16 An-nahl (De la abeja)":"http://www.islamland.com/esp/audios/surah-16-an-nahl-de-la-abeja","Surah 15 Al-hijr (Al-hiyr)":"http://www.islamland.com/esp/audios/surah-15-al-hijr-al-hiyr","Surah 14 Ibrahim (Abraham)":"http://www.islamland.com/esp/audios/surah-14-ibrahim-abraham","Surah 13 Ar-rad (Del trueno)":"http://www.islamland.com/esp/audios/surah-13-ar-rad-del-trueno","Surah 12 Yusuf (José)":"http://www.islamland.com/esp/audios/surah-12-yusuf-jose","Surah 11 Hud (Hud)":"http://www.islamland.com/esp/audios/surah-11-hud-hud","Surah 10 Yunus (Jonas)":"http://www.islamland.com/esp/audios/surah-10-yunus-jonas","Surah 9 At-tawbah (De la retractación)":"http://www.islamland.com/esp/audios/surah-9-at-tawbah-de-la-retractacion","Surah 8 Al-anfal (De los botines de la guerra)":"http://www.islamland.com/esp/audios/surah-8-al-anfal-de-los-botines-de-la-guerra","Surah 7 Al-araaf (Los lugares elevados)":"http://www.islamland.com/esp/audios/surah-7-al-araaf-los-lugares-elevados","Surah 6 Al-anaam (De los rebaños)":"http://www.islamland.com/esp/audios/surah-6-al-anaam-de-los-rebanos","Surah 5 Al-maaida (De la mesa servida)":"http://www.islamland.com/esp/audios/surah-5-al-maaida-de-la-mesa-servida","Surah 4 An-nisaa (De las mujeres)":"http://www.islamland.com/esp/audios/surah-4-an-nisaa-de-las-mujeres","Surah 3 Al-Imran (La familia de Imran)":"http://www.islamland.com/esp/audios/surah-3-al-imran-la-familia-de-imran","Surah 2 Al-baqarah (La vaca)":"http://www.islamland.com/esp/audios/surah-2-al-baqarah-la-vaca","Surah 1 Al-fatihah (La apertura)":"http://www.islamland.com/esp/audios/surah-1-al-fatihah-la-apertura","Explicación del Libro: Tres Principios y sus fundament 1 (6)":"http://www.islamland.com/esp/audios/explicacion_del_libro_tres_principios_y_sus_fundament_1-1471951080","Jóvenes que creyeron en su Señor":"http://www.islamland.com/esp/audios/jovenes_que_creyeron_en_su_senor-1471895946","Terapia contra las preocupaciones y tristezas":"http://www.islamland.com/esp/audios/terapia_contra_las_preocupaciones_y_tristezas-1471894679","Un Árbol como un Creyente":"http://www.islamland.com/esp/audios/un_arbol_como_un_creyente-1471864177","La trascendencia de seguir la Sunnah":"http://www.islamland.com/esp/audios/la_trascendencia_de_seguir_la_sunnah-1471809327","Jutbah Depositar la confianza en Allah":"http://www.islamland.com/esp/audios/jutbah_depositar_la_confianza_en_allah-1471808198","Jutbah: El buen carácter del Profeta Muhammad, que la paz y las bendiciones de Allah sean con él":"http://www.islamland.com/esp/audios/jutbah_el_buen_caracter_del_profeta_muhammad_que_la_paz_y_las_bendiciones_de_allah_sean_con_el-1471807263","Jutbah: El creyente es de espíritu generoso y solidario":"http://www.islamland.com/esp/audios/jutbah_el_creyente_es_de_espiritu_generoso_y_solidario-1471806534","Jutbah: Enseñanzas del Mensajero de Allah":"http://www.islamland.com/esp/audios/jutbah_ensenanzas_del_mensajero_de_allah-1471805396","Jutbah: ¿Quién nos puede hacer sentir seguros en este mundo?":"http://www.islamland.com/esp/audios/jutbah_quien_nos_puede_hacer_sentir_seguros_en_este_mundo-1471802340","Jutbah: Tu Señor jamás destruiría un pueblo si sus habitantes procuran establecer el bienestar":"http://www.islamland.com/esp/audios/jutbah_tu_senor_jamas_destruiria_un_pueblo_si_sus_habitantes_procuran_establecer_el_bienestar-1471797587","Jutbah: ¿Quién responde al afligido cuando este le invoca?":"http://www.islamland.com/esp/audios/jutbah_quien_responde_al_afligido_cuando_este_le_invoca-1471791394","Jutbah: El temor devocional a Allah":"http://www.islamland.com/esp/audios/jutbah_el_temor_devocional_a_allah-1471790949","Curso de doctrina Islámica, nivel 2 - Audio 1 (6)":"http://www.islamland.com/esp/audios/curso_de_doctrina_islamica_nivel_2-1471705944","Jutbah Protege a Allah que Él te protegerá":"http://www.islamland.com/esp/audios/jutbah_protege_a_allah_que_el_te_protegera-1471704765","Jutbah El nacimiento del Profeta Muhammad":"http://www.islamland.com/esp/audios/jutbah_el_nacimiento_del_profeta_muhammad-1471704669","Jutbah Características de la ley de Allah":"http://www.islamland.com/esp/audios/jutbah_caracteristicas_de_la_ley_de_allah-1471703211","Jutbah Asuntos relacionados a la oración del Viernes":"http://www.islamland.com/esp/audios/jutbah_asuntos_relacionados_a_la_oracion_del_viernes-1471702732","Jutbah El Libro de Allah":"http://www.islamland.com/esp/audios/jutbah_el_libro_de_allah-1471702663","Jutbah Las virtudes del conocimiento":"http://www.islamland.com/esp/audios/jutbah_las_virtudes_del_conocimiento-1471701217","Jutbah Juzgar con la ley de Allah en nuestra vida privada y nuestra comunidad":"http://www.islamland.com/esp/audios/jutbah_juzgar_con_la_ley_de_allah_en_nuestra_vida_privada_y_nuestra_comunidad-1471700983","Dos enfermedades del alma (2)":"http://www.islamland.com/esp/audios/dos_enfermedades_del_alma-1471695401","Enseñanzas de la emigración del Profeta Muhammad":"http://www.islamland.com/esp/audios/ensenanzas_de_la_emigracion_del_profeta_muhammad-1471695133","La importancia de alimentarnos del Halal":"http://www.islamland.com/esp/audios/la_importancia_de_alimentarnos_del_halal-1471695065","El Tawassul":"http://www.islamland.com/esp/audios/el_tawassul-1471693712","La concentración en la oración":"http://www.islamland.com/esp/audios/la_concentracion_en_la_oracion-1471693369","La súplica y sus condiciones":"http://www.islamland.com/esp/audios/la_suplica_y_sus_condiciones-1471692914","Nuestra creencia en la Predestinación":"http://www.islamland.com/esp/audios/nuestra_creencia_en_la_predestinacion-1471534407","Si necesitas ayuda, pídesela a Allah":"http://www.islamland.com/esp/audios/si_necesitas_ayuda_pidesela_a_allah-1471534024","La mayor desgracia":"http://www.islamland.com/esp/audios/la_mayor_desgracia-1471533655","Busquen protegerse del Fuego":"http://www.islamland.com/esp/audios/busquen_protegerse_del_fuego-1471533221","El Jardín del Paraíso":"http://www.islamland.com/esp/audios/el_jardin_del_paraiso-1471532740","Di la verdad aunque sea amarga":"http://www.islamland.com/esp/audios/di_la_verdad_aunque_sea_amarga-1471532450","Las señales menores del fin del mundo":"http://www.islamland.com/esp/audios/las_senales_menores_del_fin_del_mundo-1471531977","Establecerás justicia":"http://www.islamland.com/esp/audios/estableceras_justicia-1471531424","Los destinos del creyente y el incrédulo que rechaza el mensaje ante la muerte":"http://www.islamland.com/esp/audios/los_destinos_del_creyente_y_el_incredulo_que_rechaza_el_mensaje_ante_la_muerte-1471528306","El viaje nocturno y la ascensión a los cielos":"http://www.islamland.com/esp/audios/el-viaje-nocturno-y-la-ascension-a-los-cielos-1453625914","Limpia tu corazón del rencor":"http://www.islamland.com/esp/audios/limpia-tu-corazon-del-rencor-1453624884","Cómo nos preparamos para recibir el mes de Ramadán ? Idioma: Español":"http://www.islamland.com/esp/audios/como-nos-preparamos-para-recibir-el-mes-de-ramadan-idioma-espanol-1453623762","La mayor desgracia 2":"http://www.islamland.com/esp/audios/la-mayor-desgracia-1453622999","Reflexiones sobre la oración":"http://www.islamland.com/esp/audios/reflexiones-sobre-la-oracion-1453622764","Advertencia contra el extremismo en la religión":"http://www.islamland.com/esp/audios/advertencia-contra-el-extremismo-en-la-religion-1453622483","La tentación del materialismo":"http://www.islamland.com/esp/audios/la-tentacion-del-materialismo-1453619424","La prohibición de los embriagantes y las drogas":"http://www.islamland.com/esp/audios/la-prohibicion-de-los-embriagantes-y-las-drogas-1453619250","Las normas sobre pedir permiso":"http://www.islamland.com/esp/audios/las-normas-sobre-pedir-permiso-1453618912","Las virtudes de los diez primeros días de Dhul Hiyyah":"http://www.islamland.com/esp/audios/las-virtudes-de-los-diez-primeros-dias-de-dhul-hiyyah-1453618695","Escudos protectores contra el castigo del Infierno":"http://www.islamland.com/esp/audios/escudos-protectores-contra-el-castigo-del-infierno-1453617539","Reflexiones sobre un año lunar que termina":"http://www.islamland.com/esp/audios/reflexiones-sobre-un-ano-lunar-que-termina-1453617082","La ética del musulmán al hacer buenas obras":"http://www.islamland.com/esp/audios/la-etica-del-musulman-al-hacer-buenas-obras-1453616798","El Ayuno de ’Ashura":"http://www.islamland.com/esp/audios/el-ayuno-de-ashura-1453616453","La condena del derroche":"http://www.islamland.com/esp/audios/la-condena-del-derroche-1453615679","La importancia de la ablución":"http://www.islamland.com/esp/audios/la-importancia-de-la-ablucion-1453615426","El engaño del materialismo":"http://www.islamland.com/esp/audios/el-engano-del-materialismo-1453615004","Qué debe hacer el musulmán en tiempos de confusión":"http://www.islamland.com/esp/audios/que-debe-hacer-el-musulman-en-tiempos-de-confusion-1453614618","El camino del arrepentimiento":"http://www.islamland.com/esp/audios/el-camino-del-arrepentimiento-1453614281","El peligro de la hipocresía":"http://www.islamland.com/esp/audios/el-peligro-de-la-hipocresia-1453613763","El significado de “bendición”":"http://www.islamland.com/esp/audios/el-significado-de-bendicion-1453613422","Dos enfermedades sociales: encarecer la dote y derrochar en la fiesta de casamiento":"http://www.islamland.com/esp/audios/dos-enfermedades-sociales-encarecer-la-dote-y-derrochar-en-la-fiesta-de-casamiento-1453613071","El Profeta Muhammad, ejemplo de compasión":"http://www.islamland.com/esp/audios/el-profeta-muhammad-ejemplo-de-compasion-1453612825","La humildad y la soberbia":"http://www.islamland.com/esp/audios/la-humildad-y-la-soberbia-1453611565","Cuatro asuntos que sabiamente prohibió Allah y su Mensajero":"http://www.islamland.com/esp/audios/cuatro-asuntos-que-sabiamente-prohibio-allah-y-su-mensajero-1453611239","¿Has descubierto la verdad sobre él?":"http://www.islamland.com/esp/audios/has-descubierto-la-verdad-sobre-el-1452884560","Exégesis del último décimo del sagrado Corán: Acústico libro - 1. La apertura (58)":"http://www.islamland.com/esp/audios/exegesis-del-ultimo-decimo-del-sagrado-coran-acustico-libro-1-la-apertura-1452884329"}}}