{"islam-house":{"Audios":{"El Islam. Breve resumen de la religión del Islam de acuerdo al Noble Corán y la tradición profética.":"https://islamhouse.com/es/audios/2836238/","Explicación del libro La creencia de Ahlu Sunnah wal Yama’ah del Sheij Muhammad Ibn Salih Al-Uzaimin":"https://islamhouse.com/es/audios/192187/","El Profeta Muhammad, ejemplo de compasión":"https://islamhouse.com/es/audios/899576/","¿Has descubierto la verdad sobre él ?":"https://islamhouse.com/es/audios/883707/","La importancia de la ablución":"https://islamhouse.com/es/audios/823628/","Advertencia contra el extremismo en la religión":"https://islamhouse.com/es/audios/727611/","Si necesitas ayuda, pídesela a Allah":"https://islamhouse.com/es/audios/420979/","Nuestra creencia en la Predestinación":"https://islamhouse.com/es/audios/420976/","Jutbah Juzgar con la ley de Allah en nuestra vida privada y nuestra comunidad":"https://islamhouse.com/es/audios/412895/","Jutbah Características de la ley de Allah":"https://islamhouse.com/es/audios/412887/","Jutbah Protege a Allah que Él te protegerá":"https://islamhouse.com/es/audios/412883/","Curso de doctrina Islámica, nivel 2":"https://islamhouse.com/es/audios/409817/","Jutbah: ¿Quién responde al afligido cuando este le invoca?":"https://islamhouse.com/es/audios/409638/","Jutbah: El buen carácter del Profeta Muhammad, que la paz y las bendiciones de Allah sean con él":"https://islamhouse.com/es/audios/409275/","Explicación del Libro: Tres Principios y sus fundament":"https://islamhouse.com/es/audios/406768/","Explicación de Surat Al Fâtiha":"https://islamhouse.com/es/audios/406766/","La trascendencia de seguir la Sunnah":"https://islamhouse.com/es/audios/369988/","Aferrarse al Tawhid":"https://islamhouse.com/es/audios/369935/","Un Solo Mensaje":"https://islamhouse.com/es/audios/368766/","La importancia del Salat":"https://islamhouse.com/es/audios/368101/","Breve descripción del Profeta Muhammad":"https://islamhouse.com/es/audios/368087/","Cualidades del Profeta Muhammad":"https://islamhouse.com/es/audios/368085/","Seminario sobre teología Islámica":"https://islamhouse.com/es/audios/368079/","Jesús y María en el Islam":"https://islamhouse.com/es/audios/364201/","Los Sahabah":"https://islamhouse.com/es/audios/364197/","La intercesión del Profeta":"https://islamhouse.com/es/audios/337965/","El peligro de la idolatría menor (Shirk Asgar)":"https://islamhouse.com/es/audios/337957/","Los cuarenta Hadices":"https://islamhouse.com/es/audios/287599/","Nuestro Profeta Muhammad":"https://islamhouse.com/es/audios/283640/","Resumen del libro: Los Profetas y sus Mensajes":"https://islamhouse.com/es/audios/276105/","Conozca el Corán":"https://islamhouse.com/es/audios/259888/","LA CREENCIA (‘AQIDAH) DE AHLU SUNNAH (SUNNIS) SOBRE LOS COMPAÑEROS DEL PROFETA MUHAMMAD":"https://islamhouse.com/es/audios/250024/","Tafsir de la Sura 110 El Socorro":"https://islamhouse.com/es/audios/204805/","Tafsir de la Sura 99 El Gran Terremoto":"https://islamhouse.com/es/audios/204803/","La importancia de seguir la Sunnah":"https://islamhouse.com/es/audios/193032/","Explicación del libro Los Pilares del Islam y el Imán":"https://islamhouse.com/es/audios/193026/","La flexibilidad y facilidad de la legislación Islámica":"https://islamhouse.com/es/audios/192189/","Cómo realizar la oración acorde a la Sunnah del Profeta Muhammad":"https://islamhouse.com/es/audios/180654/","La llave para comprender el Islam":"https://islamhouse.com/es/audios/154753/","La Importancia de Purificar el Monoteísmo en nuestros Corazones":"https://islamhouse.com/es/audios/153370/","El Verdadero Mensaje de Jesucristo":"https://islamhouse.com/es/audios/84070/","¿Dios se hizo hombre?":"https://islamhouse.com/es/audios/84068/","Cómo convertirse al Islam y ser musulmán":"https://islamhouse.com/es/audios/64467/","La Importancia del Tawhid":"https://islamhouse.com/es/audios/53552/","Buscar la felicidad, introduccion al Islam":"https://islamhouse.com/es/audios/51229/","Lo que NO es el Islam":"https://islamhouse.com/es/audios/4496/","Presentación del Islam":"https://islamhouse.com/es/audios/4493/","Los Pilares de la Fe en el Islam":"https://islamhouse.com/es/audios/5134/","Jutbah Compasión y tolerancia en el Islam":"https://islamhouse.com/es/audios/2799038/","Qué debe hacer el musulmán en tiempos de confusión":"https://islamhouse.com/es/audios/823632/","Jutbah Las virtudes del conocimiento":"https://islamhouse.com/es/audios/412893/","Jutbah Asuntos relacionados a la oración del Viernes":"https://islamhouse.com/es/audios/412889/","Jutbah El nacimiento del Profeta Muhammad":"https://islamhouse.com/es/audios/412885/","La importancia del consejo [ nasiha ]":"https://islamhouse.com/es/audios/369933/","¡Hijo mío, sube al arca!":"https://islamhouse.com/es/audios/368770/","La debilidad de la fe, manifestaciones y remedios":"https://islamhouse.com/es/audios/368764/","La realidad de esta vida y la otra":"https://islamhouse.com/es/audios/368758/","Ordenar el bien y prohibir el mal":"https://islamhouse.com/es/audios/368099/","La virtud de buscar el conocimiento":"https://islamhouse.com/es/audios/364193/","El peligro de hablar sin conocimiento":"https://islamhouse.com/es/audios/364191/","El Fiqh de la oración del Viernes":"https://islamhouse.com/es/audios/234678/","Las virtudes de buscar el conocimiento":"https://islamhouse.com/es/audios/234676/","Ibn ‘Abbas y las virtudes del Conocimiento":"https://islamhouse.com/es/audios/193030/","At-Tahara La Ablución y Los Modales para entrar al Baño":"https://islamhouse.com/es/audios/180652/","La metodología del Profeta Muhammad al hacer Dawa":"https://islamhouse.com/es/audios/175801/","La mujer musulmana y la búsqueda del conocimiento Sección de Preguntas y respuestas":"https://islamhouse.com/es/audios/153372/","El comportamiento ideal del Musulmán a la luz del Corán y la Sunnah":"https://islamhouse.com/es/audios/51221/","La injusticia será oscuridad el Día del Juicio":"https://islamhouse.com/es/audios/2813597/","Enseñanzas del cambio de la Qiblah":"https://islamhouse.com/es/audios/2813585/","La humildad":"https://islamhouse.com/es/audios/2809791/","Inspirarnos para tener altas aspiraciones":"https://islamhouse.com/es/audios/2809788/","Lectura en árabe y español de Sura Yusuf con comentarios":"https://islamhouse.com/es/audios/2800229/","Jutbah : Como alcanzar una buena vida":"https://islamhouse.com/es/audios/2799040/","Las virtudes del Corán":"https://islamhouse.com/es/audios/2799036/","Los derechos del niño":"https://islamhouse.com/es/audios/2796497/","Cuatro asuntos que sabiamente prohibió Allah y su Mensajero":"https://islamhouse.com/es/audios/2776371/","La humildad y la soberbia":"https://islamhouse.com/es/audios/899693/","Dos enfermedades sociales: encarecer la dote y derrochar en la fiesta de casamiento":"https://islamhouse.com/es/audios/899574/","Las virtudes del mes de Sha’ban":"https://islamhouse.com/es/audios/896115/","El significado de “bendición”":"https://islamhouse.com/es/audios/896113/","El peligro de la hipocresía":"https://islamhouse.com/es/audios/896111/","El camino del arrepentimiento":"https://islamhouse.com/es/audios/896109/","El engaño del materialismo":"https://islamhouse.com/es/audios/823630/","La condena del derroche":"https://islamhouse.com/es/audios/823626/","El Ayuno de ’Ashura":"https://islamhouse.com/es/audios/795044/","La ética del musulmán al hacer buenas obras":"https://islamhouse.com/es/audios/794603/","Reflexiones sobre un año lunar que termina":"https://islamhouse.com/es/audios/735291/","Escudos protectores contra el castigo del Infierno":"https://islamhouse.com/es/audios/735289/","Las virtudes de los diez primeros días de Dhul Hiyyah":"https://islamhouse.com/es/audios/732438/","Las normas sobre pedir permiso":"https://islamhouse.com/es/audios/732436/","La tentación del materialismo":"https://islamhouse.com/es/audios/732434/","La prohibición de los embriagantes y las drogas":"https://islamhouse.com/es/audios/732432/","La tentación de la mujer":"https://islamhouse.com/es/audios/732430/","Exégesis del último décimo del sagrado Corán: Acústico libro":"https://islamhouse.com/es/audios/473668/","Reflexiones sobre la oración":"https://islamhouse.com/es/audios/443220/","Cómo nos preparamos para recibir el mes de Ramadán ?":"https://islamhouse.com/es/audios/443218/","Limpia tu corazón del rencor":"https://islamhouse.com/es/audios/443216/","El viaje nocturno y la ascensión a los cielos":"https://islamhouse.com/es/audios/443214/","Los destinos del creyente y el incrédulo que rechaza el mensaje ante la muerte":"https://islamhouse.com/es/audios/443212/","Establecerás justicia":"https://islamhouse.com/es/audios/443210/","Las señales menores del fin del mundo":"https://islamhouse.com/es/audios/443208/","Di la verdad aunque sea amarga":"https://islamhouse.com/es/audios/443165/","El Jardín del Paraíso":"https://islamhouse.com/es/audios/443163/","Busquen protegerse del Fuego":"https://islamhouse.com/es/audios/443161/","La mayor desgracia":"https://islamhouse.com/es/audios/433684/","La súplica y sus condiciones":"https://islamhouse.com/es/audios/420972/","La concentración en la oración":"https://islamhouse.com/es/audios/420969/","El Tawassul":"https://islamhouse.com/es/audios/420966/","La importancia de alimentarnos del Halal":"https://islamhouse.com/es/audios/420964/","Enseñanzas de la emigración del Profeta Muhammad":"https://islamhouse.com/es/audios/415619/","Dos enfermedades del alma":"https://islamhouse.com/es/audios/415617/","Jutbah El Libro de Allah":"https://islamhouse.com/es/audios/412891/","Jutbah: El temor devocional a Allah":"https://islamhouse.com/es/audios/409640/","Jutbah: Tu Señor jamás destruiría un pueblo si sus habitantes procuran establecer el bienestar":"https://islamhouse.com/es/audios/409636/","Jutbah: ¿Quién nos puede hacer sentir seguros en este mundo?":"https://islamhouse.com/es/audios/409281/","Jutbah: Enseñanzas del Mensajero de Allah":"https://islamhouse.com/es/audios/409279/","Jutbah: El creyente es de espíritu generoso y solidario":"https://islamhouse.com/es/audios/409277/","Jutbah Depositar la confianza en Allah":"https://islamhouse.com/es/audios/409263/","Y sé de aquellos que recuerdan a Al-láh":"https://islamhouse.com/es/audios/406805/","Un Árbol como un Creyente":"https://islamhouse.com/es/audios/406795/","Terapia contra las preocupaciones y tristezas":"https://islamhouse.com/es/audios/406772/","Jóvenes que creyeron en su Señor":"https://islamhouse.com/es/audios/406770/","La biografía del Profeta Ibrahim, que la paz sea con él":"https://islamhouse.com/es/audios/393532/","El Mundo de los genios y los demonios":"https://islamhouse.com/es/audios/393530/","Tu puedes ser la mujer más feliz del mundo":"https://islamhouse.com/es/audios/368778/","El Origen del Corán":"https://islamhouse.com/es/audios/368776/","Historias de los Sahabas":"https://islamhouse.com/es/audios/368774/","La debilidad en la fe":"https://islamhouse.com/es/audios/368772/","La búsqueda del sustento lícito":"https://islamhouse.com/es/audios/368097/","Enseñanzas de la Peregrinación":"https://islamhouse.com/es/audios/368095/","Las virtudes del buen trato con el prójimo":"https://islamhouse.com/es/audios/368093/","El ayuno del mes de Ramadán":"https://islamhouse.com/es/audios/368091/","Los derechos del Musulmán":"https://islamhouse.com/es/audios/368089/","Cómo ser de aquellos que tienen un corazón agradecido a Allah?":"https://islamhouse.com/es/audios/368083/","Prepararse para el Juicio Final":"https://islamhouse.com/es/audios/368081/","Pensar bien del musulmán":"https://islamhouse.com/es/audios/364199/","Los propósitos de la Ley Islámica":"https://islamhouse.com/es/audios/364195/","La honra y el orgullo de ser musulmán":"https://islamhouse.com/es/audios/340550/","La historia de los jóvenes de la caverna":"https://islamhouse.com/es/audios/337967/","Hablemos sobre la alimentación Halal":"https://islamhouse.com/es/audios/337961/","El nacimiento del último profeta para la humanidad":"https://islamhouse.com/es/audios/337955/","Reflexiones sobre un año que termina":"https://islamhouse.com/es/audios/331057/","Como prevenir la violencia en el hogar":"https://islamhouse.com/es/audios/329653/","La importancia de la Mezquita":"https://islamhouse.com/es/audios/329649/","El secreto prohibido de la Iglesia":"https://islamhouse.com/es/audios/276100/","Súplicas":"https://islamhouse.com/es/audios/275983/","Deseo Arrepentirme pero":"https://islamhouse.com/es/audios/263694/","En búsqueda del arrepentimiento":"https://islamhouse.com/es/audios/250022/","7 preguntas sobre el Islam":"https://islamhouse.com/es/audios/243453/","Islam vs. Cultura":"https://islamhouse.com/es/audios/243443/","Prepararse para la muerte y el Juicio Final":"https://islamhouse.com/es/audios/234674/","El Edén de los Virtuosos":"https://islamhouse.com/es/audios/230602/","El ayuno, virtudes y veredictos":"https://islamhouse.com/es/audios/229197/","El Sagrado Corán":"https://islamhouse.com/es/audios/212774/","No sigan los pasos de Shaitán":"https://islamhouse.com/es/audios/207501/","Las Revelaciones de la Meca y Medinah":"https://islamhouse.com/es/audios/204801/","No te deprimas por asuntos de este mundo":"https://islamhouse.com/es/audios/204775/","La Gravedad de la Difamación y las Habladurías":"https://islamhouse.com/es/audios/195984/","La súplica y sus beneficios":"https://islamhouse.com/es/audios/193036/","Una gran mujer, Jadiyah bintu Juailid":"https://islamhouse.com/es/audios/193034/","Peligros y consecuencias de la injusticia":"https://islamhouse.com/es/audios/192191/","El Viaje Nocturno":"https://islamhouse.com/es/audios/190763/","Cómo se recopiló el Corán":"https://islamhouse.com/es/audios/190757/","El Engaño":"https://islamhouse.com/es/audios/190753/","Salmán Al-Farsi: enseñanzas de su vida":"https://islamhouse.com/es/audios/190025/","Clase sobre el Ayuno del mes de Ramadán":"https://islamhouse.com/es/audios/175803/","El ayuno de Ramadán Para el musulmán de habla hispana en Occidente":"https://islamhouse.com/es/audios/175587/","El amor devocional a Allah y los buenos modales":"https://islamhouse.com/es/audios/154913/","El Permiso":"https://islamhouse.com/es/audios/153380/","La Envidia":"https://islamhouse.com/es/audios/153378/","Las estrategias de Shaitán para desviar al creyente":"https://islamhouse.com/es/audios/132700/","La belleza de la Familia en el Islam":"https://islamhouse.com/es/audios/84066/","Aportes del Islam a la humanidad":"https://islamhouse.com/es/audios/84064/","El ayuno de Ramadán 2":"https://islamhouse.com/es/audios/53557/","Súplicas 2":"https://islamhouse.com/es/audios/51238/","La Religión de la Verdad":"https://islamhouse.com/es/audios/51236/","Biografía del Profeta Muhammad PyB":"https://islamhouse.com/es/audios/51233/","Jutbah del Viernes - Revivir los hogares con el recuerdo de Allah":"https://islamhouse.com/es/audios/51227/","Por qué elegí el Islam":"https://islamhouse.com/es/audios/50315/"}}}