{"RasuluAllah":{"Audios":{"Audios":{"¿Sabes Qué Es El Corán":"https://rasoulallah.net/es/audios/audio/16712","¿Existe Dios":"https://rasoulallah.net/es/audios/audio/16711","¡Jesús Era Musulmán!":"https://rasoulallah.net/es/audios/audio/16710","Musulmanes Nuevo Viaje":"https://rasoulallah.net/es/audios/audio/16709","Islámica Edad De Oro":"https://rasoulallah.net/es/audios/audio/16708","¿Es La Homosexualidad Un Comportamiento Normal":"https://rasoulallah.net/es/audios/audio/16707","Y Ellos Dicen Que Él Es Malo":"https://rasoulallah.net/es/audios/audio/16706","Religión Extraña!":"https://rasoulallah.net/es/audios/audio/16705","Por Qué Los Musulmanes Realizan El Hajj":"https://rasoulallah.net/es/audios/audio/16704","No Deje Que Los Medios Que Engañan":"https://rasoulallah.net/es/audios/audio/16703","Newton ... Y La Trinidad":"https://rasoulallah.net/es/audios/audio/16702","Mi Camino Hacia El Islam":"https://rasoulallah.net/es/audios/audio/16701","Lavado De Cerebro!!!":"https://rasoulallah.net/es/audios/audio/16700","La Herencia De Una Mujer":"https://rasoulallah.net/es/audios/audio/16699","La Historia De Jesús":"https://rasoulallah.net/es/audios/audio/16698","La Codicia":"https://rasoulallah.net/es/audios/audio/16697","Eres Musulmán... Sé Orgulloso":"https://rasoulallah.net/es/audios/audio/16696","El Honor De Los Profetas":"https://rasoulallah.net/es/audios/audio/16695","El Hombre Que Nunca Miente! Cortometraje Histórico.":"https://rasoulallah.net/es/audios/audio/16694","El Estatus De La Mujer En El Islam En Comparación Con Otras Civilizaciones Y Religiones":"https://rasoulallah.net/es/audios/audio/16693","El Camino Hacia La Supervivencia En Medio De La Pandemia De COVID 19":"https://rasoulallah.net/es/audios/audio/16692","Dios A Través De La Historia":"https://rasoulallah.net/es/audios/audio/16691","Derechos Humanos Oprimidos":"https://rasoulallah.net/es/audios/audio/16690","Dame Una Razón Para Ser Musulmán":"https://rasoulallah.net/es/audios/audio/16689","5 Pasos Para Volverse Musulman":"https://rasoulallah.net/es/audios/audio/16688","10 Verdades Sobre Jesús":"https://rasoulallah.net/es/audios/audio/16687","sulmán en tiempos de confusión":"https://rasoulallah.net/es/audios/audio/15907","La importancia de la ablución":"https://rasoulallah.net/es/audios/audio/15906","Nuestro profeta Muhammad":"https://rasoulallah.net/es/audios/audio/12090","No sigan los pasos del Shaytn":"https://rasoulallah.net/es/audios/audio/12089","La importancia de seguir la Sunnah":"https://rasoulallah.net/es/audios/audio/12088","La Creencia de Ahlul-Sunnah con respecto a los Sajabas":"https://rasoulallah.net/es/audios/audio/12087","El Profeta del Islam1":"https://rasoulallah.net/es/audios/audio/12086","Conozca al Profeta del Islam":"https://rasoulallah.net/es/audios/audio/12085"},"Los méritos del Profeta - La personalidad del Profeta":{"Muhammad el Profeta, un Hombre de Verdad y de Justicia":"https://rasoulallah.net/es/audios/audio/16502","Muhammad el Profeta, el hombre de Tolerancia y noble Perdón":"https://rasoulallah.net/es/audios/audio/16500","Muhammad el Profeta, el hombre de Ciencia y Civilización":"https://rasoulallah.net/es/audios/audio/16499","Muhammad el Profeta, el Hombre de la Permisividad":"https://rasoulallah.net/es/audios/audio/16498","Muhammad el Profeta, el Hombre de la Elegancia y Belleza":"https://rasoulallah.net/es/audios/audio/16497","Muhammad el Profeta, el Hombre de la Educación.":"https://rasoulallah.net/es/audios/audio/16496","Muhammad el Profeta, el Hombre de Buenas Costumbres":"https://rasoulallah.net/es/audios/audio/16495","La Sonrisa era el Lema del Profeta":"https://rasoulallah.net/es/audios/audio/16494","Muhammad el Profeta, Hombre de Religión y de Gobierno":"https://rasoulallah.net/es/audios/audio/16493","Muhammad el Profeta, Constructor de un Urbanismo Destacado":"https://rasoulallah.net/es/audios/audio/16492","Con Él Mismo":"https://rasoulallah.net/es/audios/audio/16491","Con Su Familia":"https://rasoulallah.net/es/audios/audio/16490","Muhammad el Profeta, Anima a los Nobles y Refinados Deportes. Por Sheij Faraj Hadi":"https://rasoulallah.net/es/audios/audio/16489","Muhammad el Profeta, Amigable y Bondadoso":"https://rasoulallah.net/es/audios/audio/16488"}}}}