{"guide-to-islam":[{"auidos":{"Newton ... y la Trinidad":"https://guidetoislam.com/assets/media/newton-y-la-trinidad10953.mp3","Las Virtudes Del Corán":"https://guidetoislam.com/assets/media/es-las-virtudes-del-coran8139.mp3","Cuatro Asuntos Que Sabiamente Prohibió Allah Y Su Mensajero":"https://guidetoislam.com/assets/media/es-la-misericordia-de-allah8138.mp3","La Humildad Y La Soberbia":"https://guidetoislam.com/assets/media/es-la-humildad-y-la-soberbia8136.mp3","El Profeta Muhammad, Ejemplo De Compasión":"https://guidetoislam.com/assets/media/es-muhammad-ejemplo-de-misericordia8134.mp3","Las Virtudes Del Mes De Sha’ban":"https://guidetoislam.com/assets/media/es-las-virtudes-del-mes-de-shaban8133.mp3","El Significado De “Bendición”":"https://guidetoislam.com/assets/media/es-el-significado-de-bendicion8132.mp3","El Peligro De La Hipocresía":"https://guidetoislam.com/assets/media/es-el-peligro-de-la-hipocresia8131.mp3","El camino del arrepentimiento":"https://guidetoislam.com/assets/media/es-el-camino-del-arrepentimiento8130.mp3","¿Has Descubierto La Verdad Sobre Él ?":"https://guidetoislam.com/assets/media/es-has-descubierto-la-verdad-sobre-el8128.mp3","Qué Debe Hacer El Musulmán En Tiempos De Confusión":"https://guidetoislam.com/assets/media/en-momentos-de-sedicion8127.mp3","Las Súplicas y sus Condiciones":"https://guidetoislam.com/assets/media/la-suplica-y-sus-condiciones641.mp3","Nuestra Creencia en la Predestinación":"https://guidetoislam.com/assets/media/nuestra-creencia-en-la-predestinacion639.mp3","La Mayor Desgracia":"https://guidetoislam.com/assets/media/la-mayor-desgracia637.mp3","Busquen Protegerse del Fuego":"https://guidetoislam.com/assets/media/busquen-protegerse-del-fuego635.mp3","La injusticia Será Oscuridad El Día Del Juicio":"https://guidetoislam.com/assets/media/la-injusticia-sera-oscuridad-el-dia-del-juicio633.mp3","Enseñanzas del Cambio de la Qibla":"https://guidetoislam.com/assets/media/ensenanzas-del-cambio-de-la-qibla631.mp3","Establecerás la Justicia":"https://guidetoislam.com/assets/media/estableceras-la-justicia629.mp3","Enseñanzas de la Emigración del Profeta Muhammad ﷺ":"https://guidetoislam.com/assets/media/ensenanzas-de-la-emigracion-del-profeta-muhammad627.mp3","Si necesitas ayuda, pídesela a Allah":"https://guidetoislam.com/assets/media/si-necesitas-ayuda-pidesela-a-allah625.mp3","El Jardín del Paraíso":"https://guidetoislam.com/assets/media/el-jardin-del-paraiso623.mp3","Cómo Nos Preparamos Para Recibir El Mes De Ramadán ?":"https://guidetoislam.com/assets/media/httpsd1islamhousecomdataesih-soundssinglees-jutbah-como-nos-preparamos-para-recibir-el-mes-de-ramadan471.mp3"}}]}