{
   "Religiones comparadas": [
      {
         "¿Quién escribió el Evangelio?": "https://islamland.com/uploads/books/pdf/2019/4/who-wrote-the-bible-esp.pdf"
      },
      {
         "El concepto de Dios en las principales religiones": "https://islamland.com/uploads/books/pdf/2018/3/el-concepto-de-dios-en-las-principales-religiones.pdf"
      },
      {
         "Los atributos de Dios en el Antiguo Testamento y en el Corán": "https://islamland.com/uploads/books/pdf/2018/3/los-atributos-de-dios-en-el-antiguo-testamento-y-en-el-coran.pdf"
      },
      {
         "Muhammad en la Biblia": "https://islamland.com/uploads/books/es_muhammad_in_the_bible.pdf"
      },
      {
         "Eruditos cristianos reconocen las contradicciones en la Biblia": "https://islamland.com/uploads/books/sp-Christian Scholars Recognize Contradictions in the Bible.pdf"
      },
      {
         "¿Dios se hizo hombre?": "https://islamland.com/uploads/books/sp-Dios se hizo hombre.pdf"
      },
      {
         "Versos Trinitarios": "https://islamland.com/uploads/books/es_Versos_Trinitarios.pdf"
      },
      {
         "Diálogo Cristiano Musulmán": "https://islamland.com/uploads/books/Muslim-Christian-Dialogue_esp.pdf"
      },
      {
         "101 CONTRADICCIONES EN LA BIBILA": "https://islamland.com/uploads/books/101-clear-contradiction_esp.pdf"
      },
      {
         "ES LA DOCTRINA DE LA SANTA TRINIDAD INSPIRADA POR LA DIVINIDAD?": "https://islamland.com/uploads/books/Is-Trinity-Doctrine-Divinely-Inspired_esp.pdf"
      },
      {
         "¿Cuál es su nombre?": "https://islamland.com/uploads/books/what_is_his_name-esp.pdf"
      }
   ],
   "Introducción al Islam": [
      {
         "El Islam Esencia, leyes, creencia, disciplinas": "https://islamland.com/uploads/books/pdf/2018/12/alislam-esp.pdf"
      },
      {
         "50 Preguntas y respuestas sobre el monoteísmo islámico": "https://islamland.com/uploads/books/pdf/2018/5/es-fifty-preguntas-y-respuestas.pdf"
      },
      {
         "LOS DERECHOS DE LOS ANIMALES EN LA SHARI’AH (LEY) ISLÁMICA, CRISTIANA Y JUDÍA": "https://islamland.com/uploads/books/pdf/2018/1/animal-rights-esp-4of8-0jNF.PDF"
      },
      {
         "El Concepto de Divinidad en el Islam": "https://islamland.com/uploads/books/es_concepto_de_Dios_en_Islam.pdf"
      },
      {
         "Ash-Sharia  en el Islam, el Judaísmo y el Cristianismo": "https://islamland.com/uploads/books/ashareeah_esp.pdf"
      },
      {
         "Volver al origen": "https://islamland.com/uploads/books/back-to-origin_esp.pdf"
      },
      {
         "UN ÚNICO DIOS, UN ÚNICO MENSAJE": "https://islamland.com/uploads/books/UN-UNICO-DIOS-UN-UNICO MENSAJE-DR AHMAD-ABDO.pdf"
      },
      {
         "La Noción de Dios en el Islam": "https://islamland.com/uploads/books/NOCION DE DIOS.pdf"
      },
      {
         "LA MISERICORDIA DEL ISLAM ": "https://islamland.com/uploads/books/LA MISERICORDIA DEL ISLAM.pdf"
      },
      {
         "El Islam - Religión Universal": "https://islamland.com/uploads/books/ISLAM.pdf"
      },
      {
         "El concepto de adoración en el Islam": "https://islamland.com/uploads/books/es_concepto_de_adoracion_en_Islam.pdf"
      },
      {
         "EL SENDERO HACIA EL ISLAM": "https://islamland.com/uploads/books/el-sendero-hacia-el-islam_esp.pdf"
      },
      {
         "Concepto de Dios en el Islam ": "https://islamland.com/uploads/books/CONCEPT-de-Dios_sp.pdf"
      },
      {
         "El Islam Explicado ": "https://islamland.com/uploads/books/whyislam-islam-explained_spa.pdf"
      },
      {
         "La unicidad de Dios en el Islam": "https://islamland.com/uploads/books/oneness_esp.pdf"
      },
      {
         "Acerca del Islam": "https://islamland.com/uploads/books/About Islam-Spanish.pdf"
      },
      {
         "Buscando el verdadero mensaje del Islam en las traducciones al Español del Sagrado Corán": "https://islamland.com/uploads/books/es_Buscando_el_verdadero_mensaje_de_Islam.pdf"
      },
      {
         "Equilibrio e integridad en la vida del musulmán": "https://islamland.com/uploads/books/es_Equilibrio_e_integridad_en_la_vida_del_musulman.pdf"
      },
      {
         "LA ADORACIÓN EN EL ISLAM": "https://islamland.com/uploads/books/adoracion_esp.pdf"
      },
      {
         "Los Derechos Humanos en el Islam": "https://islamland.com/uploads/books/es_Los_Derechos_Humanos_en_elIslam.pdf"
      },
      {
         "Breve historia del Islam": "https://islamland.com/uploads/books/sp-A Brief History of Islam.pdf"
      },
      {
         "Investigando el islam - Metodología sugerida": "https://islamland.com/uploads/books/sp_Investigando el islam - Metodología sugerida.pdf"
      },
      {
         "PRESENTACIÓN DE LA RELIGIÓN DEL ISLAM": "https://islamland.com/uploads/books/PRESENTACIÓN DE LA RELIGIÓN DEL ISLAM.pdf"
      },
      {
         "La Llave Para Comprender El Islam": "https://islamland.com/uploads/books/key-to-Islam_esp.pdf"
      },
      {
         "La Biblia, el Coran y la ciencia moderna": "https://islamland.com/uploads/books/the-bible-the-Quran-and-science_esp.pdf"
      },
      {
         "Entendiendo al Islam y a los Musulmanes": "https://islamland.com/uploads/books/es_Understanding_Islam_and_Muslims.pdf"
      },
      {
         "Un llamado a la salvación verdadera": "https://islamland.com/uploads/books/es_call_to_true_salvation.pdf"
      },
      {
         "Contribuciones Musulmanas a la civilización Universal": "https://islamland.com/uploads/books/es_contribuciones_musulmanas.pdf"
      },
      {
         "Los Derechos Humanos en Islam": "https://islamland.com/uploads/books/es_Derechos_Humanos.pdf"
      },
      {
         "El Islam es ...": "https://islamland.com/uploads/books/es_Islam_is.pdf"
      },
      {
         "Un Solo Mensaje": "https://islamland.com/uploads/books/one-message_esp.pdf"
      },
      {
         "Una breve guia ilustrada para entender el Islam": "https://islamland.com/uploads/books/es_Brief_Illustrated_Guide_To_Understanding_Islam.pdf"
      },
      {
         "DIALOGO ENTRE UN PROFESOR ATEO Y UN ESTUDIANTE MUSULMAN": "https://islamland.com/uploads/books/dialogue-between-atheist-prof-and-muslim-student_span.pdf"
      },
      {
         "¿Has Descubierto Su Verdadera Belleza?": "https://islamland.com/uploads/books/jamaloh-alhaqiqi_esp.pdf"
      },
      {
         "El Mensaje del Islam": "https://islamland.com/uploads/books/sp-El Mensaje del Islam.pdf"
      },
      {
         "El Comienzo  y el Final": "https://islamland.com/uploads/books/sp-El Comienzo y el Final.pdf"
      },
      {
         "CÓMO ABRAZAR  EL ISLAM?": "https://islamland.com/uploads/books/How_to_Become_Muslim-esp.pdf"
      }
   ],
   "Doctrina y sectas": [
      {
         "LAS CONDICIONES DE LA ADORACIÓN EN EL ISLAM": "https://islamland.com/uploads/books/pdf/2018/10/condiciones-de-la-adoracioones-en-el-islam-esp.pdf"
      },
      {
         "La secta Al-Ahbash": "https://islamland.com/uploads/books/La-secta-Al-Ahbash_esp.pdf"
      },
      {
         "el mes del ayuno - Ramadan ": "https://islamland.com/uploads/books/Ramadan_Pamphlet_es.pdf"
      },
      {
         "El jadiz de Gadir Jum [Una perspectiva suní]": "https://islamland.com/uploads/books/es_el_Jadiz_de_Gadhir_Jum_esp.pdf"
      },
      {
         "El Chiismo no es Islam": "https://islamland.com/uploads/books/es_El_Chiisimo_no_es_el_Islam_esp.pdf"
      },
      {
         "Advertencia contra las innovaciones": "https://islamland.com/uploads/books/es_advertencia_contra_las_prohibiciones.pdf"
      },
      {
         "Fundamentos del Sendero Profético": "https://islamland.com/uploads/books/es_Fundamentos_del_Sendero_Imam_Ahmad.pdf"
      },
      {
         "¿QUIÉNES SON LOS CHIITAS DUODECIMANOS?": "https://islamland.com/uploads/books/QUIÉNES SON LOS CHIITAS DUODECIMANOS.pdf"
      },
      {
         "Nociones Generales Exposición y refutación de las fuentes sobre las que está basada la religión chiita": "https://islamland.com/uploads/books/es_alkhutut-alaridah.pdf"
      },
      {
         "La explicación de los bellos y perfectos nombres de Alá": "https://islamland.com/uploads/books/es_tafseer_names_of_Allah.pdf"
      },
      {
         "Actos de Apostasía": "https://islamland.com/uploads/books/es_Beliers_Islam.pdf"
      },
      {
         "50 preguntas y respuestas sobre el monoteísmo islámico": "https://islamland.com/uploads/books/es_Fifty_preguntas_y_respuestas.pdf"
      },
      {
         "Preguntas y respuestas sobre el credo Islámico": "https://islamland.com/uploads/books/es_preguntas_y_respuestas_sobre_credo_islamico.pdf"
      },
      {
         "La Doctrina Islámica, basada en el Qur’an y la Sunnah": "https://islamland.com/uploads/books/es_creencia_Islamica.pdf"
      },
      {
         "Curso de doctrina Islámica, nivel 2 - 1": "https://islamland.com/uploads/books/es_Doctrina_nivel_2_clase_1.pdf"
      },
      {
         "Al-Aquidah Al-Wasitiiah": "https://islamland.com/uploads/books/es_aquida_wasitiah.pdf"
      },
      {
         "Los dos testimonios de Fe": "https://islamland.com/uploads/books/es_Both_testimonies_of_Faith.pdf"
      },
      {
         "La Barba, según la opinion de los sabios ancestros y los modernos": "https://islamland.com/uploads/books/es_Beard_between.pdf"
      },
      {
         "Tres principios y sus fundamentos": "https://islamland.com/uploads/books/es_tres_principios.pdf"
      },
      {
         "La evolución de la Jurisprudencia Islámica": "https://islamland.com/uploads/books/es_Evolucion_de_la_jurisprudencia_islamica.pdf"
      },
      {
         "Derecho Islámico - Capítulo sobre el ayuno": "https://islamland.com/uploads/books/es_book_of_fast_tuwajre.pdf"
      }
   ],
   "Transacciones y Adoración": [
      {
         "Guia para el peregrino que realiza el Hayy o la Umrah y para el que visita la Mezquita del Profeta (ﷺ)": "https://islamland.com/uploads/books/pdf/2018/8/guia-para-el-peregrino-que-realiza-el-hayy-o-la-umrah-y-para-el-que-visita-la-mezquita-del-profeta.pdf"
      },
      {
         "Guia del Haj y Umrah": "https://islamland.com/uploads/books/dalil-alhajj-wal-moatamer_esp.pdf"
      },
      {
         "25+ Ahadiz sobre los beneficios del viernes": "https://islamland.com/uploads/books/es_25+_Ahadiz_sobre_los_beneficios_del_viernes.pdf"
      },
      {
         "El ayuno": "https://islamland.com/uploads/books/fast-infog_span.pdf"
      },
      {
         "Los intereses y su papel en la economía y la vida": "https://islamland.com/uploads/books/en-Interest and its Role in Economy and Life.pdf"
      },
      {
         "Los pilares del Islam y la Fe – Capítulo sobre el Ayuno y el Retiro Espiritual": "https://islamland.com/uploads/books/es_pillars_Islam_and_Faith.pdf"
      },
      {
         "El ayuno en el Islam": "https://islamland.com/uploads/books/es_Fasting.pdf"
      },
      {
         "La distribución de la herencia en el Islam": "https://islamland.com/uploads/books/es_La_distribucion_de_la_herencia.pdf"
      }
   ],
   "Milagros científicos": [
      {
         "El Corán y la ciencia moderna:  ¿compatibles o incompatibles?": "https://islamland.com/uploads/books/pdf/2018/7/el-coran-y-la-ciencia-moderna-zakir-naik-2.pdf"
      },
      {
         "Aspectos de los signos científicos en El mundo de Las Abejas": "https://islamland.com/uploads/books/(17)Milagros cientificos en el Sagrado Coran y la Sunna El mundo de las abejas.pdf"
      },
      {
         "LA REACCIÓN SOLIDARIA DEL CUERPO ANTE LAS INFECCIONES": "https://islamland.com/uploads/books/(16) Milagros cientificos en el Sagrado Coran y la Sunna  La reaccion solidaria del Cuerpo ante las infecciones.pdf"
      },
      {
         "LA SENSACIÓN DEL DOLOR ENTRE LA MEDICINA Y E L CORÁN": "https://islamland.com/uploads/books/(15) Milagros cientificos en el Sagrado Coran y Sunna La sensacion del dolor entre la mediciina y el Sagrado Coran.pdf"
      },
      {
         "Demostración de la localización de La Meca en el centro de la Tierra": "https://islamland.com/uploads/books/(14)Milagros cientificos en el sagrado Coran y la Sunna Demostracion de la localizacion de la MAkkA en el centro de la tierra.pdf"
      },
      {
         "LA LEGISLACIÓN ISLÁMICA EN LA PROHIBICIÓN DE LA USURA": "https://islamland.com/uploads/books/(13)Milagros cientificos en el sagrado Coran y la Sunna La legislacion islamica en la prohibicion de la usura.pdf"
      },
      {
         "El Periodo De Espera De La Divorciada Sabiduría Divina y Milagro Científico": "https://islamland.com/uploads/books/(12)Milagros cientificos en el Sagrado Coran y la Sunna El periodo de espera de la divorciada.pdf"
      },
      {
         "El MILAGRO CIENTÍFICO EN LOS VERSÍCULOS DE LA AUDICIÓN Y DE LA VISIÓN EN EL SAGRADO CORÁN": "https://islamland.com/uploads/books/(10) Milagros cientificos en el Sagrado Coran y la Sunna El color de la miel y su relacion con los calculos renales.pdf"
      },
      {
         "El Milagro Cientifico En El Color De Le Miel Y Su Relación Con los Cálculos Renales": "https://islamland.com/uploads/books/(10) Milagros cientificos en el Sagrado Coran y la Sunna El color de la miel y su relacion con los calculos renales.pdf"
      },
      {
         "EL MILAGRO LEGISLATIVO EN MATERIA DE DERECHOS ECONÓMICOS COMPARTIDOS ENTRE EL HOMBRE Y LA MUJER COMO PRUEBA DE HONOR Y AGASAJO A LA MUJER": "https://islamland.com/uploads/books/(9)Milagros cientificos en el Sagrado Coran y la sunna Derechos economicos entre el hombre y la mujer.pdf"
      },
      {
         "EL MILAGRO CIENTÍFICO DEL SAGRADO CORÁN EN EN EL MUNDO DE LOS MARES": "https://islamland.com/uploads/books/(8)milagros cientificos en el Sagrado  Coran y la sunna  El mundo de los mares.pdf"
      },
      {
         "EL SER HUMANO EN LAS ALTITUDES ENTRE LA CIENCIA MODERNA Y EL SAGRADO CORÁN": "https://islamland.com/uploads/books/(7) milagros cientificos  en el Sagrado  Coran y la Sunna El ser humano en las altitudes.JPG"
      },
      {
         "Dones Divinos Que Invitan A creer en Allah": "https://islamland.com/uploads/books/(4) Milagros cientificos en el Sagrado  Coran y la Sunna Dones Divinos que invitan a creer en ALLAH.pdf"
      },
      {
         "EL MILAGRO CIENTÍFICO DEL SAGRADO CORÁN EN EL MUNDO DE LAS PLANTAS ( BOTÁNICA )": "https://islamland.com/uploads/books/(6) milagros cientificos en el Sagrado  Coran y la Sunna ELmundo de las plantas.pdf"
      },
      {
         "VALORES ÉTICOS EN LA POLÍTICA FISCAL ISLÁMICA": "https://islamland.com/uploads/books/(3) Milagros cientificos en el Sagrado Coran y la Sunna La politica Fiscal Islamica.pdf"
      },
      {
         "El Copete Y La Función Del Lóbulo Frontal Del Cerebro": "https://islamland.com/uploads/books/(2) Milagros cientificos en el Sagrado Coran y la Sunna  El Copete y la funciol del lobulo frontal del cerebro.pdf"
      },
      {
         "LOS MILAGROS LEGISLATIVOS DEL AZAQUE aspectos, parámetros e implicaciones sociales.": "https://islamland.com/uploads/books/(1) milagros cientificos en el Sagrado Coran y la sunnah zakat.pdf"
      },
      {
         " La ciencia en el Islam": "https://islamland.com/uploads/books/science_esp.pdf"
      },
      {
         " El Islam y los descubrimientos de la ciencia moderna Como prueba y evidencia de la profecía y el Mensaje de Muhammad": "https://islamland.com/uploads/books/El-Islam-y-los-descubrimientos-de-la-ciencia-moderna_esp.pdf"
      },
      {
         "La Ciencia Moderna tal y como se revala en el Corán y en las Tradiciones del Profeta": "https://islamland.com/uploads/books/La Ciencia Moderna.pdf"
      },
      {
         "El Milagroso Coran": "https://islamland.com/uploads/books/es_El_Milagroso_Coran.pdf"
      },
      {
         "El Asombroso Corán": "https://islamland.com/uploads/books/es_Asombroso_Coran.pdf"
      }
   ],
   "Jesús (PBSE) en el Islam": [
      {
         "Jesús es Musulmán": "https://islamland.com/uploads/books/pdf/2018/2/jesus-es-musulman.pdf"
      },
      {
         "JESÚS (CON ÉL SEA LA PAZ) EN EL CORÁN": "https://islamland.com/uploads/books/Jesus_in_Quran-esp.pdf"
      },
      {
         "RESTAURA TU RELIGION ORIGINAL": "https://islamland.com/uploads/books/RESTAURA-TU-RELIGION-ORIGINALesp.pdf"
      },
      {
         "Jesus - un profeta del Islam": "https://islamland.com/uploads/books/JESUS.pdf"
      },
      {
         "Quién fue Jesús?": "https://islamland.com/uploads/books/es_quien_fue_jesus.pdf"
      },
      {
         "JESÚS (CON ÉL SEA LA PAZ) EN EL CORÁN": "https://islamland.com/uploads/books/jesus-en-el-Coran_esp.pdf"
      },
      {
         "¿Era Jesús Musulmán o Cristiano? ": "https://islamland.com/uploads/books/jesus-christian-or-muslim_span.2-34.2-33.pdf"
      },
      {
         " Jesús un profeta de Dios": "https://islamland.com/uploads/books/Jesus_un_profeta_de_Dios_esp.pdf"
      },
      {
         "Mi gran amor por Jesús me condujo al Islam": "https://islamland.com/uploads/books/Mi-gran-amor-por-Jesús-me-condujo-alIslam_spa.pdf"
      },
      {
         "Jesús, hijo de María ": "https://islamland.com/uploads/books/sp-Jesus, son of Mary.pdf"
      },
      {
         "¿Jesús es Dios?": "https://islamland.com/uploads/books/es_Jesús_es_Dios.pdf"
      },
      {
         "El Verdadero Mensaje de Jesucristo": "https://islamland.com/uploads/books/es_Issa_correct_message.pdf"
      },
      {
         "La verdad acerca de Jesús": "https://islamland.com/uploads/books/es_the_truth_about_jesus.pdf"
      },
      {
         "¿ES JESÚS DIOS? LA BIBLIA DICE: ¡NO!": "https://islamland.com/uploads/books/53ccd1f6-1910-42d5-969f-61cdb8adb1fd-es_hal_3isa_elah.pdf"
      },
      {
         "El retorno de Jesús": "https://islamland.com/uploads/books/es_El_retorno_de_Jesus.pdf"
      },
      {
         "CRISTO EN EL ISLAM ": "https://islamland.com/uploads/books/Christ__in_Islam-esp.pdf"
      }
   ],
   "Pecados mayores y actos de shirk": [
      {
         "La regla sobre la Magia y la adivinación de la Fortuna": "https://islamland.com/uploads/books/Regla sobre la Magia y la Adivinacion.pdf"
      },
      {
         "El veredicto legal sobre festejar el nacimiento del Profeta ": "https://islamland.com/uploads/books/es_prophetic_birthday_fawzan_2.pdf"
      }
   ],
   "Para los nuevos musulmanes": [
      {
         "Los buenos Modales al ir a dormir": "https://islamland.com/uploads/books/los-buenos-modales-al-ir-a-dormir1.pdf"
      },
      {
         "La coexistencia entre musulmanes y no musulmanes a la luz del Corán y la Sunnah": "https://islamland.com/uploads/books/es_La_coexistencia_entre_musulmanes_y_no_musulmanes_a_la_luz_del_Coran_y_la_Sunnah.pdf"
      },
      {
         "EL Mes de Ramadan": "https://islamland.com/uploads/books/Ramadan_luz-del-Islam_esp.pdf"
      },
      {
         "100 maneras de poder apoyar a nuestro Profeta Muhámmad": "https://islamland.com/uploads/books/es_Ways_We_Can_Support_Our_Prophet.pdf"
      },
      {
         "TESOROS ISLÁMICOS": "https://islamland.com/uploads/books/TESOROS ISLAMICOS- DR. AHMAD ABDO_ESP.pdf"
      },
      {
         "Preguntas importantes en la vida del musulmán": "https://islamland.com/uploads/books/spanish_Preguntas_importantes_en_la_vida_del_musulman.pdf"
      },
      {
         "El Mes del Ayuno Ramadan ": "https://islamland.com/uploads/books/whyislam-themonth-oframadan_spa.pdf"
      },
      {
         "El Ayuno en el Islam ": "https://islamland.com/uploads/books/fasting-in-islam_spa.pdf"
      },
      {
         " Resumen Simple de los Pilares del Islam y el Imaan ": "https://islamland.com/uploads/books/simple-summary-of-the-pillars-of-islam-and-imaan_spa.pdf"
      },
      {
         " Muharram ": "https://islamland.com/uploads/books/month-of-muharram-span.pdf"
      },
      {
         "Los Alimentos": "https://islamland.com/uploads/books/foods-the-general-rules_spa.pdf"
      },
      {
         "bienvenido al Islam": "https://islamland.com/uploads/books/bienvenido-al-Islam_esp.pdf"
      },
      {
         "120 Jutbas en idioma español": "https://islamland.com/uploads/books/es_120_Jutbas_en_idioma_espanol.pdf"
      },
      {
         "La gracia, la fe y las obras": "https://islamland.com/uploads/books/53eb517a-368c-49a4-b90e-3753b8adb1fd-sp-Grace, Faith and Works.pdf"
      },
      {
         "Sahih Muslim - spanish": "https://islamland.com/uploads/books/es_01_Los_funerales_en_el_Islam.pdf"
      },
      {
         "Efectos de la adoración en la vida del musulmán": "https://islamland.com/uploads/books/es_effect_of_worships_in_muslim_life.pdf"
      },
      {
         "Revista Luz del Islam - 30": "https://islamland.com/uploads/books/es_Revista_Luz_del_Islam_30[].pdf"
      },
      {
         "Revista Luz del Islam - 27": "https://islamland.com/uploads/books/es_Revista_Luz_del_Islam_27.pdf"
      },
      {
         "Revista Luz del Islam - 18": "https://islamland.com/uploads/books/es_Revista_Luz_del_Islam_18[].pdf"
      },
      {
         "Revista Luz del Islam - 8": "https://islamland.com/uploads/books/es_Revista_Luz_del_Islam_08[].pdf"
      },
      {
         "Revista Luz del Islam - 3": "https://islamland.com/uploads/books/es_Revista_Luz_del_Islam_03[].pdf"
      },
      {
         "Revista Luz del Islam - 7": "https://islamland.com/uploads/books/es_Revista_Luz_del_Islam_07[].pdf"
      },
      {
         "Revista Luz del Islam - 31": "https://islamland.com/uploads/books/es_Revista_Luz_del_Islam_31.pdf"
      },
      {
         "Revista Luz del Islam - 29": "https://islamland.com/uploads/books/es_Revista_Luz_del_Islam_29.pdf"
      },
      {
         "Revista Luz del Islam - 28": "https://islamland.com/uploads/books/es_Revista_Luz_del_Islam_28.pdf"
      },
      {
         "Revista Luz del Islam - 26": "https://islamland.com/uploads/books/es_Revista_Luz_del_Islam_26.pdf"
      },
      {
         "Revista Luz del Islam - 25": "https://islamland.com/uploads/books/es_Revista_Luz_del_Islam_25.pdf"
      },
      {
         "Revista Luz del Islam - 24": "https://islamland.com/uploads/books/es_Revista_Luz_del_Islam_24.pdf"
      },
      {
         "Revista Luz del Islam - 23": "https://islamland.com/uploads/books/es_Revista_Luz_del_Islam_23.pdf"
      },
      {
         "Revista Luz del Islam - 22": "https://islamland.com/uploads/books/es_Revista_Luz_del_Islam_22.pdf"
      },
      {
         "Revista Luz del Islam - 21": "https://islamland.com/uploads/books/es_Revista_Luz_del_Islam_21.pdf"
      },
      {
         "Revista Luz del Islam - 20": "https://islamland.com/uploads/books/es_Revista_Luz_del_Islam_20.pdf"
      },
      {
         "Revista Luz del Islam - 19": "https://islamland.com/uploads/books/es_Revista_Luz_del_Islam_19.pdf"
      },
      {
         "Revista Luz del Islam - 16": "https://islamland.com/uploads/books/es_Revista_Luz_del_Islam_16.pdf"
      },
      {
         "Revista Luz del Islam - 17": "https://islamland.com/uploads/books/es_Revista_Luz_del_Islam_17.pdf"
      },
      {
         "Revista Luz del Islam - 15": "https://islamland.com/uploads/books/es_Revista_Luz_del_Islam_15.pdf"
      },
      {
         "Revista Luz del Islam - 14": "https://islamland.com/uploads/books/es_Revista_Luz_del_Islam_14.pdf"
      },
      {
         "Revista Luz del Islam - 12": "https://islamland.com/uploads/books/es_Revista_Luz_del_Islam_12.pdf"
      },
      {
         "Revista Luz del Islam - 13": "https://islamland.com/uploads/books/es_Revista_Luz_del_Islam_13.pdf"
      },
      {
         "Revista Luz del Islam - 11": "https://islamland.com/uploads/books/es_Revista_Luz_del_Islam_11.pdf"
      },
      {
         "Revista Luz del Islam - 5": "https://islamland.com/uploads/books/es_Revista_Luz_del_Islam_05[].pdf"
      },
      {
         "Revista Luz del Islam - 4": "https://islamland.com/uploads/books/es_Revista_Luz_del_Islam_04[].pdf"
      },
      {
         "Revista Luz del Islam - 10": "https://islamland.com/uploads/books/es_Revista_Luz_del_Islam_10.pdf"
      },
      {
         "Revista Luz del Islam - 1": "https://islamland.com/uploads/books/es_Revista_Luz_del_Islam_01.pdf"
      },
      {
         "Magnificas Reliquias": "https://islamland.com/uploads/books/es_Magnificas_Reliquias.pdf"
      },
      {
         "Árabe para principiantes": "https://islamland.com/uploads/books/es_arabe_para_principiantes.pdf"
      },
      {
         "La esperanza en Dios": "https://islamland.com/uploads/books/es_Esperanza.pdf"
      },
      {
         "Derechos dictados por la lógica en concordancia con la Legislación Islámica": "https://islamland.com/uploads/books/es_rights_advocated_by_instinct_and_established_by_alsharia.pdf"
      },
      {
         "La Fortaleza del Musulmán, súplicas del Corán y la Sunnah": "https://islamland.com/uploads/books/es_Muslim_bastion.pdf"
      },
      {
         "Manual para el Nuevo Musulmán": "https://islamland.com/uploads/books/es_Manual_para_el_nuevo_musulman.pdf"
      },
      {
         "Soy un Musulmán": "https://islamland.com/uploads/books/es_Im_a_Muslim.pdf"
      },
      {
         "Exégesis del último décimo del sagrado Corán Continuado por : Reglamentaciones islámicas": "https://islamland.com/uploads/books/Explanation_of_the_Last_Tenth_of_the_Quran-esp.pdf"
      },
      {
         "La mejor provisión Para el Día del Juicio Final": "https://islamland.com/uploads/books/es_khair_zad.pdf"
      },
      {
         "Hisnul-Mu'min “El Refugio del Creyente”": "https://islamland.com/uploads/books/sp-ElRefugiodelCreyentefinal.pdf"
      },
      {
         "La Pureza": "https://islamland.com/uploads/books/La Pureza.pdf"
      },
      {
         "Innovar en la religión es una forma de extraviarse  ": "https://islamland.com/uploads/books/sp-Innovar en la religión es una forma de extraviarse.pdf"
      }
   ],
   "Conceptos erróneos": [
      {
         "La poligamía en el Islam, el Judaísmo y el Cristianismo": "https://islamland.com/uploads/books/La-poligamia-en-el-islam-el-judaismo-y-el-cristianismo_esp.pdf"
      },
      {
         "Ideas erróneas sobre el Islam": "https://islamland.com/uploads/books/Folleto Ideas Erroneas sobre el Islam.pdf"
      },
      {
         "¿Qué es la gripe porcina (A/H1N1)?": "https://islamland.com/uploads/books/es_avian_pig.pdf"
      },
      {
         "¿Qué Dice EL ISLAM Sobre El Terrorismo ? ": "https://islamland.com/uploads/books/Islam_Terrorisim_spa.pdf"
      },
      {
         "¿Qué Dice El Islam Sobre El Terrorismo ? ": "https://islamland.com/uploads/books/whyislam-sayabout-terrorism_spa.pdf"
      },
      {
         "Ideas erróneas sobre el Islam": "https://islamland.com/uploads/books/misconception_esp.pdf"
      },
      {
         "PEGAR A LA MUJER ESTA PROHIBIDO EN EL ISLAM": "https://islamland.com/uploads/books/beating-women_esp.pdf"
      },
      {
         "Reconciliando la diferencia entre el verso “Dios te protegerá de la gente” y el fallecimiento del Profeta Muhámmad": "https://islamland.com/uploads/books/es_Conciliar_aleya_con_muerte_del_Profeta.pdf"
      },
      {
         "El Islam es la religión de la paz": "https://islamland.com/uploads/books/religion_of_peace-esp.pdf"
      },
      {
         "Los Derechos Humanos  en el Islam  y los errores de concepto más comunes": "https://islamland.com/uploads/books/Human_Rights_in_Islam-esp.pdf"
      }
   ],
   "Las Mujeres En El Islam": [
      {
         "Jilbab de la mujer musulmana": "https://islamland.com/uploads/books/jilbab-de-la-mujer-musulmana_esp.pdf"
      },
      {
         "Revelando el misterio del Jiyab": "https://islamland.com/uploads/books/es_revelando_misterio_del_Jiyab.pdf"
      },
      {
         "El hiyab - esp": "https://islamland.com/uploads/books/el hiyab_esp.pdf"
      },
      {
         "EL ROMANTICISMO EN EL ISLAM": "https://islamland.com/uploads/books/EL-ROMANTICISMO_esp.pdf"
      },
      {
         "La mujer en el Islam": "https://islamland.com/uploads/books/MUJER.pdf"
      },
      {
         "El estatus de la mujer en el Islam": "https://islamland.com/uploads/books/es_estatus_de_mujer_Islam.pdf"
      },
      {
         "La mujer en la vida de Muhammad (La paz sea con él)": "https://islamland.com/uploads/books/la_mujer_en_la_vida_de_muhammad_la_paz_sea_con_el.pdf"
      },
      {
         "Elevación del estatus de la mujer en el Islam": "https://islamland.com/uploads/books/sp-Elevation of Women’s Status.pdf"
      },
      {
         "La mujer en el Islam y en el Judeocristianismo ": "https://islamland.com/uploads/books/women_sp.pdf"
      },
      {
         "La mujer en el Islam: refutando los prejuicios más comunes": "https://islamland.com/uploads/books/La mujer en el Islam.pdf"
      },
      {
         "PERSPECTIVA ISLÁMICA SOBRE  EL SEXO": "https://islamland.com/uploads/books/Islamic-Perspective-on-Sex-esp.pdf"
      }
   ],
   "Sobre el Sagrado Corán y Hadith": [
      {
         "¿Quién Escribió el Qur'an? ": "https://islamland.com/uploads/books/who-wrote-the-quran_span.pdf"
      },
      {
         "Los misterios del Corán ": "https://islamland.com/uploads/books/Quran_moderne_sp.pdf"
      },
      {
         "Tafsir al-Qurtubi, Compilación general de las leyes del Corán 01": "https://islamland.com/uploads/books/es_01_Tafsir_AlQurtubi.pdf"
      },
      {
         "El Sagrado Corán - Guia para la humanidad": "https://islamland.com/uploads/books/CORAN.pdf"
      },
      {
         "El Origen del Corán ": "https://islamland.com/uploads/books/whyislam-theorigin-ofthequran_spa.pdf"
      },
      {
         "El Corán - La revelación final a la humanidad": "https://islamland.com/uploads/books/coran_spa.pdf"
      },
      {
         "The Story of the Quran": "https://islamland.com/uploads/books/The Story of the Quran.pdf"
      },
      {
         "El Noble Corán, y su traducción a la lengua Española": "https://islamland.com/uploads/books/es_The_Quran_Nobleman.pdf"
      },
      {
         "Traducción comentada El Corán": "https://islamland.com/uploads/books/traduccion-Quran.pdf"
      },
      {
         "Versión Resumida de Sahih Al-Bujari": "https://islamland.com/uploads/books/es_Sahih_Al-Bujari_Version_para_imprimir.pdf"
      },
      {
         "Aferrarse al Corán y la Sunnah es la esencia de la felicidad": "https://islamland.com/uploads/books/es_cling_Quran_sannah.pdf"
      },
      {
         "El Origen del Corán": "https://islamland.com/uploads/books/es_El_origen_del_Coran.pdf"
      },
      {
         "Sahih Al-Kalim At-Taib": "https://islamland.com/uploads/books/es_Sahih_Al_Kalim_At_Taib.pdf"
      },
      {
         "Al-Muwatta El camino fácil": "https://islamland.com/uploads/books/es_Muwatta_Malik.pdf"
      },
      {
         "Los Cuarenta Hadices": "https://islamland.com/uploads/books/es_Forty_hadis.pdf"
      },
      {
         "Los Jardines de los Justos": "https://islamland.com/uploads/books/es_riyadh_alsaliheen.pdf"
      },
      {
         "110 Hadices Qudsis": "https://islamland.com/uploads/books/es_110_Hadiz_Qudsi.pdf"
      }
   ],
   "Muhammad (PBSE)": [
      {
         "Así fue mi Profeta": "https://islamland.com/uploads/books/Asi-fue-mi-Profeta_esp.pdf"
      },
      {
         "El profeta MUHAMMAD - un hombre del que debe conocer": "https://islamland.com/uploads/books/MUHAMMAD.pdf"
      },
      {
         "Lo que dicen acerca del Profeta Muhammad": "https://islamland.com/uploads/books/es_Lo_que_dicen_acerca_del_Profeta_Mujammad.pdf"
      },
      {
         "El profeta Muhammad - La paz sea con él": "https://islamland.com/uploads/books/profet-Muhammad_esp.pdf"
      },
      {
         "Provisiones para el más allá 01": "https://islamland.com/uploads/books/es_Zaad_al_Maad_parte_01.pdf"
      },
      {
         "El Profeta, la paz sea con el, y la misericordia con los animales": "https://islamland.com/uploads/books/el_profeta_la_paz_sea_con_el_y_la_misericordia_con_los_animales.pdf"
      },
      {
         "El trato de Muhammad (La paz sea con él) con sus vecinos": "https://islamland.com/uploads/books/el_trato_de_muhammad_la_paz_sea_con_el_con_sus_vecinos.pdf"
      },
      {
         "El trato del Profeta Muhammad a los niños": "https://islamland.com/uploads/books/el_trato_del_profeta_muhammad_a_los_ninos.pdf"
      },
      {
         "El Profeta - la paz sea con él - y el medio ambiente": "https://islamland.com/uploads/books/el_profeta_-_la_paz_sea_con_el_-_y_el_medio_ambiente_.pdf"
      },
      {
         "El trato del Profeta, la paz sea con él, con los no musulmanes": "https://islamland.com/uploads/books/el_trato_del_profeta_la_paz_sea_con_el_con_los_no_musulmanes.pdf"
      },
      {
         "La Biografía de Muhammad": "https://islamland.com/uploads/books/sp-Muhammad’s Biography.pdf"
      },
      {
         "Muhammad  - La paz de Dios sea con él -  es realmente el Mensajero de Dios ": "https://islamland.com/uploads/books/Muhammad es realmente el Mensajero de Dios.pdf"
      },
      {
         "De los derechos del Profeta (que Allah le Bendiga y le dé Paz) sobre su Umma o comunidad": "https://islamland.com/uploads/books/sp-prophet-Muhammad-rights.pdf"
      },
      {
         "La biografía del Profeta Muhammad": "https://islamland.com/uploads/books/La biografía del Profeta Muhammad (2).pdf"
      },
      {
         "La carta del Profeta al Emperador de Bizancio": "https://islamland.com/uploads/books/sp-La carta del Profeta al Emperador de Bizancio.pdf"
      },
      {
         "¿Has descubierto la verdad sobre él?": "https://islamland.com/uploads/books/es_has_descubierto_la_verdad_sobre_el.pdf"
      },
      {
         "LAS NECESIDADES DE LA HUMANIDAD Se encuentran en el mensaje del Profeta Muhámmad (la paz y las bendiciones sean con él)": "https://islamland.com/uploads/books/es_las_necesidades_de_la_humanidad.pdf"
      },
      {
         "Lo que la Biblia dice acerca de Muhammad": "https://islamland.com/uploads/books/es_what_does_bible_say_about_muhamed.pdf"
      },
      {
         "Aspectos de la Misericordia hacia los Seres Humanos del Profeta Mujámmad": "https://islamland.com/uploads/books/es_Aspectos_de_la_Misericordia.pdf"
      },
      {
         "¿Quién es Muhammad, el mensajero de Allah?": "https://islamland.com/uploads/books/es_Quien_es_Muhammad.pdf"
      },
      {
         "La Biografía de Muhammad": "https://islamland.com/uploads/books/es_La_Biografia_de_Muhammad.pdf"
      },
      {
         "Las Enseñanzas de Muhammad": "https://islamland.com/uploads/books/es_Las_Ensenanzas_de_Muhammad.pdf"
      },
      {
         "Cuarenta encuentros con el amado Profeta": "https://islamland.com/uploads/books/es_forty_encounters_with_the_beloved_prophet.pdf"
      },
      {
         "El Néctar Sellado": "https://islamland.com/uploads/books/The_Sealed_Nectar-esp.pdf"
      },
      {
         "La personalidad del Profeta ": "https://islamland.com/uploads/books/prophet-personality-esp.pdf"
      },
      {
         "Muhammad El Mensajero de Dios": "https://islamland.com/uploads/books/Muhammad_the_Messenger_of_Allah-esp.pdf"
      }
   ],
   "Por qué me convertí en musulmán": [
      {
         "Charles Le Gai Eaton, ex diplomático británico": "https://islamland.com/uploads/books/Charles-Le-Gai-Eaton_esp.pdf"
      },
      {
         "Malcolm X - De La Oscuridad a La Luz": "https://islamland.com/uploads/books/whyislam-malcomx_spa.pdf"
      },
      {
         "Jerald F. Dirks, Ministro de la Iglesia Metodista Unida, Estados Unidos": "https://islamland.com/uploads/books/sp-Jerald F. Dirks, Former Minister of United Methodist Church.pdf"
      },
      {
         "Margaret Marcus, exjudía, Estados Unidos ": "https://islamland.com/uploads/books/sp-Margaret Marcus, Ex-Jew, USA.pdf"
      },
      {
         "Dr. Moustafa Mould, exjudío, Estados Unidos": "https://islamland.com/uploads/books/sp-Dr. Moustafa Mould, Ex-Jew, USA.pdf"
      },
      {
         "Donald W. Flood, excristiano, Estados Unidos ": "https://islamland.com/uploads/books/sp-Donald W. Flood, Ex-Christian, USA.pdf"
      },
      {
         "Hussain Abd Al-Wahed Amin, excatólico, Irlanda": "https://islamland.com/uploads/books/sp-Hussain Abd Al-Waheed Amin, Ex-Catholic, Ireland.pdf"
      },
      {
         "Yusuf Estes, ex capellán cristiano de una prisión federal ": "https://islamland.com/uploads/books/sp-Yusuf Estes, Former Christian and Federal Prison Chaplain.pdf"
      },
      {
         "N.K., Ex-Católico, USA ": "https://islamland.com/uploads/books/sp-N.K., Ex-Catholic, USA.pdf"
      },
      {
         "PORQUE HE ELEGIDO EL ISLAM?": "https://islamland.com/uploads/books/es_lemaza_ekhtart_islam.pdf"
      }
   ],
   "La existencia de Diós": [
      {
         "Perspectiva Islámica del Ateismo": "https://islamland.com/uploads/books/ateismo_esp.pdf"
      },
      {
         "Las señales de Dios están por todas partes": "https://islamland.com/uploads/books/es_Las_senales_de_Dios_estan_por_todas_partes.pdf"
      },
      {
         "perspectiva Islámica del Ateismo ": "https://islamland.com/uploads/books/ATEISMO.pdf"
      },
      {
         "Conversación con un ateo ": "https://islamland.com/uploads/books/es_Conversacion_un_ateo_con.pdf"
      },
      {
         "Significado del término ‘tafwid’": "https://islamland.com/uploads/books/es_Tafwid.pdf"
      },
      {
         "Físicos contemporáneos y la existencia de Dios": "https://islamland.com/uploads/books/es_Fisicos_contemporaneos_y_la_existencia_de_Dios.pdf"
      }
   ],
   "Biografías y Eruditos": [
      {
         "Biografía de Sheikh Muhammad bin Abd Al-Wahhab": "https://islamland.com/uploads/books/Muhammad bin Abdul-Wahhab.pdf"
      },
      {
         " Ramadán ": "https://islamland.com/uploads/books/month-of-ramadan_span.pdf"
      },
      {
         "La honorable Ka’ba": "https://islamland.com/uploads/books/kaaba-info_span.pdf"
      },
      {
         "La Historia de Jesús y María en el Sagrado Corán ": "https://islamland.com/uploads/books/5480bf4f-5f5c-48f4-b76e-2db6b8adb1fd-sp-The Story of Jesus and Mary in the Holy Quran.pdf"
      },
      {
         "María en el Islam": "https://islamland.com/uploads/books/sp-Mary in Islam.pdf"
      },
      {
         "Manual para el peregrino": "https://islamland.com/uploads/books/es_Manual_para_el_Peregrino.pdf"
      },
      {
         "Historias de los Compañeros del Profeta": "https://islamland.com/uploads/books/es_Historias_de_los_Companeros_del_Profeta.pdf"
      },
      {
         "Abu Dhar Al-Gifari Luchando por la igualdad": "https://islamland.com/uploads/books/es_Abu_Dhar_AlGifari.pdf"
      },
      {
         "¿Por qué estudiamos la biografía del Profeta?": "https://islamland.com/uploads/books/es_Por_que_estudiamos_la_biografia_del_Profeta[].pdf"
      },
      {
         "La historia del Profeta Moisés": "https://islamland.com/uploads/books/es_La_historia_del_profeta_Moises.pdf"
      },
      {
         "La historia del Profeta Noé": "https://islamland.com/uploads/books/es_La_historia_del_Profeta_Noe.pdf"
      },
      {
         "La historia del Profeta José": "https://islamland.com/uploads/books/es_La_historia_del_Profeta_Jose.pdf"
      },
      {
         "La vida de Abu Bakr, que Allah s complazca de él": "https://islamland.com/uploads/books/es_La_vida_de_Abu_Bakr.pdf"
      },
      {
         "El Viaje Nocturno y la Ascensión": "https://islamland.com/uploads/books/es_El_Viaje_Nocturno_y_la_Ascension.pdf"
      }
   ],
   "Jurisprudencia": [
      {
         "UNA BREVE GUÍA PARA EL HAJJ": "https://islamland.com/uploads/books/Spanish_Brief_Guide_to_Hajj.pdf"
      },
      {
         "Un resumen de razones por las que las protestas están prohibidas en el Islām": "https://islamland.com/uploads/books/Un-resumen-de-razones_esp.pdf"
      },
      {
         "Las Reglas Legisladas para el ‘Eid ul-Fitr": "https://islamland.com/uploads/books/Las-Reglas-Legisladas-para-Eid-Sheikh-Abdu-Qaadir-al-Junayd.pdf"
      },
      {
         "LA PURIFICACIÓN (AT-TAHARA)": "https://islamland.com/uploads/books/es_purification_book_tuwajre.pdf"
      }
   ],
   "El propósito de la vida": [
      {
         "El camino a la felicidad verdadera": "https://islamland.com/uploads/books/es_El_camino_a_la_felicidad_verdadera.pdf"
      },
      {
         "¿Cuál es el propósito de la vida?": "https://islamland.com/uploads/books/pol_ES.pdf"
      },
      {
         "El Propósito de la Creación": "https://islamland.com/uploads/books/sp-The Purpose of Creation.pdf"
      }
   ],
   "La otra vida": [
      {
         "La Vida después de la Muerte ": "https://islamland.com/uploads/books/whyislam-life-after-death_spa.pdf"
      },
      {
         "Las señales principales del Día del Juicio": "https://islamland.com/uploads/books/sp-The Major Signs of the Day of Judgment.pdf"
      },
      {
         "El viaje al más allá": "https://islamland.com/uploads/books/sp-The Journey into the Hereafter.pdf"
      },
      {
         "Una Descripción del Fuego del Infierno": "https://islamland.com/uploads/books/es_Una_Descripcion_del_Fuego_del_Infierno.pdf"
      }
   ],
   "Moral y Ética": [
      {
         "La justicia como valor en la biografía del Profeta": "https://islamland.com/uploads/books/la_justicia_como_valor_en_la_biografia_del_profeta.pdf"
      },
      {
         "El valor de la Amânah [la honestidad] ejercida por el Transmisor del Mensaje [Muhammad]": "https://islamland.com/uploads/books/el_valor__de_la_amanah.pdf"
      },
      {
         "Manejar el dolor en el Islam": "https://islamland.com/uploads/books/sp-Dealing with Grief in Islam.pdf"
      },
      {
         "Duá (Súplica)": "https://islamland.com/uploads/books/sp-Supplication.pdf"
      },
      {
         "Fundamentos Islámicos para un matrimonio feliz": "https://islamland.com/uploads/books/es_Matrimonio_Feliz.pdf"
      },
      {
         "100 Hadices sobre modales Islámicos": "https://islamland.com/uploads/books/es_100_Hadices.pdf"
      },
      {
         "¿Cómo ganarte el corazón de tu esposa?": "https://islamland.com/uploads/books/53060cd3-d148-4c63-956a-466dcebe88c4-es_Como_ganarte_el_corazon_de_tu_esposa.pdf"
      },
      {
         "¿Cómo ganarte el corazón de tu esposo?": "https://islamland.com/uploads/books/es_Como_ganarte_el_corazon_de_tu_esposo.pdf"
      },
      {
         "Cuarenta consejos para el hogar musulmán": "https://islamland.com/uploads/books/es_Cuarenta_consejos_para_el-hogar_musulman.pdf"
      },
      {
         "El respeto": "https://islamland.com/uploads/books/es_El_respeto.pdf"
      },
      {
         "Las etiquetas del matrimonio a la luz de la Sunnah": "https://islamland.com/uploads/books/es_The_Etiquettes_of_Marriage_and_Wedding.pdf"
      },
      {
         "Los métodos del Profeta para corregir los errores de la gente": "https://islamland.com/uploads/books/es_Metodos_del_Profeta_para_corregir_errores.pdf"
      },
      {
         "La diferencia entre aconsejar y condenar": "https://islamland.com/uploads/books/es_La_diferencia_entre_el_consejo_y_la_condena.pdf"
      }
   ],
   "Para Niños": [
      {
         "Historias de buenas noches del Corán": "https://islamland.com/uploads/books/es_historias_del_Coran_para_ninos.pdf"
      }
   ],
   "Fatwa (P&R)": [
      {
         "Las reglas del Salat ul Tarawih para las mujeres": "https://islamland.com/uploads/books/es_Tarawih_para_las_mujeres.pdf"
      },
      {
         "400 preguntas y respuestas sobre el ayuno de Ramadán": "https://islamland.com/uploads/books/es_Fatawa_Ramadan.pdf"
      },
      {
         "La peregrinación a nombre de otra persona": "https://islamland.com/uploads/books/es_peregrinacion_por_otr.pdf"
      }
   ]
}