{"islam-house":{"Books":{"El Islam Breve resumen de la religión del Islam de acuerdo al Noble Corán y la tradición profética.":"https://islamhouse.com/es/books/2837093/","TRATADO SOBRE EL PRECEPTO LEGAL (DEL ISLAM) ACERCA DE LA BRUJERÍA Y LA ADIVINACIÓN ESCRITO":"https://islamhouse.com/es/books/2836941/","El Islam. Breve resumen de la religión del Islam de acuerdo al Noble Corán y la tradición profética.":"https://islamhouse.com/es/books/2836048/","Explicación del texto de Las lecciones importantes para la comunidad en general":"https://islamhouse.com/es/books/2831606/","RESUMEN ÚTIL PARA EL NUEVO MUSULMÁN":"https://islamhouse.com/es/books/2830479/","LA FE ISLÁMICA A SIMPLIFICADA":"https://islamhouse.com/es/books/2828651/","Cuarenta consejos para el hogar musulmán":"https://islamhouse.com/es/books/395828/","Exégesis del último décimo del sagrado Corán Continuado por : Reglamentaciones islámicas que interesan a todo musulmán":"https://islamhouse.com/es/books/314960/","Las Enseñanzas de Muhammad":"https://islamhouse.com/es/books/286081/","Cuarenta encuentros con el amado Profeta":"https://islamhouse.com/es/books/231718/","Creemos en Jesús":"https://islamhouse.com/es/books/191236/","EL TAWHID El derecho de Allah sobre sus siervos":"https://islamhouse.com/es/books/90715/","Cómo rezar acorde a la Sunnah del Profeta Muhammad":"https://islamhouse.com/es/books/51306/","Los Cuarenta Hadices":"https://islamhouse.com/es/books/51283/","La doctrina Islámica, que la contradice y que la invalida":"https://islamhouse.com/es/books/51268/","Enseñanzas primarias sobre el Islam":"https://islamhouse.com/es/books/51262/","La verdadera religión de Dios":"https://islamhouse.com/es/books/2239/","La Fortaleza del Musulmán, súplicas del Corán y la Sunnah":"https://islamhouse.com/es/books/1081/","La buena noticia del Mesías, la paz sea con él.":"https://islamhouse.com/es/books/2837699/","El Profeta del Islam MUHAMMAD ﷺ Biografía y guía ilustrada de los fundamentos morales de la civilización islámica":"https://islamhouse.com/es/books/2836166/","El Profeta del Islam, Muhammad, la paz y las bendiciones de Allah sean con él":"https://islamhouse.com/es/books/2835824/","Islam y ateísmo cara a cara":"https://islamhouse.com/es/books/2835427/","JOYA DE LOS HERMANOS, CON RESPUESTAS IMPORTANTES RELATIVAS A LOS PILARES DEL ISLAM":"https://islamhouse.com/es/books/2835422/","Las cuatro normas":"https://islamhouse.com/es/books/2831604/","Los tres principios y sus evidencias":"https://islamhouse.com/es/books/2831603/","LA FRAGANCIA DE LAS REUNIONES DE APRENDIZAJE - Clases Breves Sobre Asuntos Que Ningún Musulmán Debe Ignorar":"https://islamhouse.com/es/books/2830593/","La llave hacia el fiqh sobre la escuela del Imam Ahmad ibn hanbal":"https://islamhouse.com/es/books/2830509/","El Significado de las aleyas del CORÁN en español":"https://islamhouse.com/es/books/2830488/","EL SAGRADO CORÁN EN ESPAÑOL":"https://islamhouse.com/es/books/2830487/","¿ES JESÚS DIOS?":"https://islamhouse.com/es/books/2830420/","CONOCER A DIOS EN TIEMPOS DE CORONA":"https://islamhouse.com/es/books/2829418/","¿ Por Qué EL Islam ?":"https://islamhouse.com/es/books/2829167/","El Verdadero Mensaje de Jesucristo":"https://islamhouse.com/es/books/2828902/","El Verdadero Concepto De Dios":"https://islamhouse.com/es/books/2828855/","¿Es esto lo que buscas?":"https://islamhouse.com/es/books/2828765/","LIBRO DESCUBRE EL ISLAM":"https://islamhouse.com/es/books/2828761/","Un Unico Dios, Un Unico Mensaje":"https://islamhouse.com/es/books/2828631/","BIENVENIDO AL ISLAM -Guía para los nuevos musulmanes-":"https://islamhouse.com/es/books/2828629/","El Islam : Esencia, leyes, creencia, disciplinas":"https://islamhouse.com/es/books/2828621/","Una guía hacia las bases fundamentales y los objetivos principales del ʾIslām":"https://islamhouse.com/es/books/2828538/","LA RELIGIÓN DE ADÁN Y EVA":"https://islamhouse.com/es/books/2828459/","Guía para el nuevo musulmán":"https://islamhouse.com/es/books/2828342/","Enciclopedia de los hadices traducidos del Profeta":"https://islamhouse.com/es/books/2828284/","Las señales de Dios están por todas partes":"https://islamhouse.com/es/books/2810166/","El Corán, traducción comentada":"https://islamhouse.com/es/books/735228/","El Credo de Tahawi":"https://islamhouse.com/es/books/732757/","La importancia de la Sunnah en el Islam":"https://islamhouse.com/es/books/474184/","¿PORQUE HE ELEGIDO EL ISLAM?":"https://islamhouse.com/es/books/441787/","La vida de Abu Bakr, que Allah s complazca de él":"https://islamhouse.com/es/books/439188/","¿Guiados?":"https://islamhouse.com/es/books/412596/","La Doctrina Islámica, basada en el Qur’an y la Sunnah":"https://islamhouse.com/es/books/403223/","¿Quién es Muhammad, el mensajero de Allah?":"https://islamhouse.com/es/books/393363/","¿Cómo abrazar el Islam?":"https://islamhouse.com/es/books/381078/","Tres principios y sus fundamentos":"https://islamhouse.com/es/books/378831/","El Paraíso y el Infierno a la luz del Corán y la Sunnah":"https://islamhouse.com/es/books/373116/","Manual para el Nuevo Musulmán":"https://islamhouse.com/es/books/340556/","Estudios sobre monoteísmo (Tauhid)":"https://islamhouse.com/es/books/334288/","Magnificas Reliquias":"https://islamhouse.com/es/books/324616/","Entendiendo el Islam":"https://islamhouse.com/es/books/311942/","El Fiqh hecho Fácil":"https://islamhouse.com/es/books/311771/","Preguntas importantes en la vida del musulmán":"https://islamhouse.com/es/books/260291/","50 preguntas y respuestas sobre el monoteísmo islámico":"https://islamhouse.com/es/books/244338/","Efectos de la adoración en la vida del musulmán":"https://islamhouse.com/es/books/222284/","Al-´Aquidah Al-Wasitiiah":"https://islamhouse.com/es/books/192959/","La verdad acerca de Jesús":"https://islamhouse.com/es/books/191238/","Los Jardines de los Justos":"https://islamhouse.com/es/books/175785/","Qué es el Islam":"https://islamhouse.com/es/books/175783/","LAS NECESIDADES DE LA HUMANIDAD Se encuentran en el mensaje del Profeta Muhámmad (la paz y las bendiciones sean con él)":"https://islamhouse.com/es/books/132692/","Entendiendo al Islam y a los Musulmanes":"https://islamhouse.com/es/books/76001/","Un Solo Mensaje":"https://islamhouse.com/es/books/58135/","Los Cuatro Principios del Shirk":"https://islamhouse.com/es/books/51323/","Al-’Aquidah At-Tahauiiah":"https://islamhouse.com/es/books/51319/","Actos de Apostasía":"https://islamhouse.com/es/books/51314/","Los dos testimonios de Fe":"https://islamhouse.com/es/books/51295/","Las condiciones del testimonio de fe":"https://islamhouse.com/es/books/51277/","La explicación de los bellos y perfectos nombres de Alá":"https://islamhouse.com/es/books/51273/","Muhammad, el Mensajero de Dios":"https://islamhouse.com/es/books/1132/","La súplica":"https://islamhouse.com/es/books/2837836/","Preguntas seleccionadas del diccionario de preguntas comunes sobre el Islam":"https://islamhouse.com/es/books/2837443/","Los bellos nombres de Dios":"https://islamhouse.com/es/books/2837374/","Sesenta pruebas de que el Islam honra a la Virgen María y a su hijo":"https://islamhouse.com/es/books/2836924/","El Islam la religión del instinto":"https://islamhouse.com/es/books/2836358/","El ateísmo ¿Una declaración de éxito o de fracaso?":"https://islamhouse.com/es/books/2835960/","Si te conocieran... te amarían":"https://islamhouse.com/es/books/2835691/","¿Es el Corán la palabra de Allah?":"https://islamhouse.com/es/books/2835689/","Lo Que Los Niños Musulmanes No Deben Ignorer":"https://islamhouse.com/es/books/2834829/","Muhammad es realmente el Mensajero de Dios":"https://islamhouse.com/es/books/2834705/","¿HAY UNA RELIGIÓN VERDADERA?":"https://islamhouse.com/es/books/2834262/","El Islam Presentado a través del Corán y de la tradición profética":"https://islamhouse.com/es/books/2834031/","La Pureza":"https://islamhouse.com/es/books/2833617/","Mi gran amor por Jesús me condujo al Islam":"https://islamhouse.com/es/books/2833396/","PROVISIÓN DEL AYUNANTE":"https://islamhouse.com/es/books/2833298/","Informando a los viajeros Las etiquetas y normas del viaje y preceptos que conciernen al personal de aviación":"https://islamhouse.com/es/books/2831959/","Tratado sobre los tiempos de la oración":"https://islamhouse.com/es/books/2831948/","Las tres preguntas de la tumba, las cuatro reglas y los anuladores del Islam":"https://islamhouse.com/es/books/2831880/","Los nombres y los atributos de Al-láh":"https://islamhouse.com/es/books/2831679/","50 consejos valiosos para los nuevos musulmanes":"https://islamhouse.com/es/books/2830794/","LA RELACIÓN DEL PROFETA CON LOS NO MUSULMANES":"https://islamhouse.com/es/books/2829983/","El Adhán Un grandioso Ilamado para un rito grandioso":"https://islamhouse.com/es/books/2829889/","TU CAMINO HACIA LA VERDAD":"https://islamhouse.com/es/books/2829132/","La familia del profeta y los compañeros : Amor y lazos de parentesco":"https://islamhouse.com/es/books/2828563/","Las prácticas cotidianas del Profeta":"https://islamhouse.com/es/books/2828234/","El Chiismo no es Islam":"https://islamhouse.com/es/books/896117/","Advertencia contra las innovaciones":"https://islamhouse.com/es/books/890291/","¿Quiénes son los Chiitas Duodecimanos?":"https://islamhouse.com/es/books/886001/","Fundamentos del Sendero Profético":"https://islamhouse.com/es/books/818737/","Los Derechos Humanos en el Islam":"https://islamhouse.com/es/books/727549/","¿Has descubierto la verdad sobre él?":"https://islamhouse.com/es/books/641935/","Confiar en Dios":"https://islamhouse.com/es/books/453216/","¡DEJEN HABLAR A LA BIBLIA!":"https://islamhouse.com/es/books/450548/","¿ES JESÚS DIOS? LA BIBLIA DICE: ¡NO!":"https://islamhouse.com/es/books/448319/","Los derechos de los no-musulmanes en el Islam":"https://islamhouse.com/es/books/442705/","¿ES LA BIBLIA LA PALABRA DE DIOS?":"https://islamhouse.com/es/books/440610/","Elevación del estatus de la mujer en el Islam":"https://islamhouse.com/es/books/440474/","ES LA DOCTRINA DE LA SANTA TRINIDAD INSPIRADA POR LA DIVINIDAD?":"https://islamhouse.com/es/books/440328/","¿Has Descubierto Su Verdadera Belleza?":"https://islamhouse.com/es/books/439449/","¿Jesús es Dios?":"https://islamhouse.com/es/books/438865/","33 formas de desarrollar la concentración durante la oración":"https://islamhouse.com/es/books/434242/","La mejor provisión Para el Día del Juicio Final":"https://islamhouse.com/es/books/425996/","VALORES CIVILIZATORIOS EN EL MENSAJE DEL ISLAM":"https://islamhouse.com/es/books/420247/","Dando Verdadero Testimonio":"https://islamhouse.com/es/books/412592/","¿Desviados?":"https://islamhouse.com/es/books/412590/","Curso de doctrina Islámica, nivel 2":"https://islamhouse.com/es/books/410091/","El retorno de Jesús":"https://islamhouse.com/es/books/406213/","La historia del Profeta José":"https://islamhouse.com/es/books/403227/","Los Derechos Humanos en el Islam 2":"https://islamhouse.com/es/books/403221/","El Hayy, un pilar del Islam":"https://islamhouse.com/es/books/391889/","El Refugio del Creyente":"https://islamhouse.com/es/books/386790/","¿Hay una verdadera religión?":"https://islamhouse.com/es/books/378865/","La Pureza 2":"https://islamhouse.com/es/books/378857/","Innovar en la religión es una forma de extraviarse":"https://islamhouse.com/es/books/378851/","El ayuno en el Islam":"https://islamhouse.com/es/books/378829/","Cómo se realiza el Hayy y la ‘Umrah":"https://islamhouse.com/es/books/368345/","La Sunnah Auténtica es Revelación de Allah y está Protegida":"https://islamhouse.com/es/books/328580/","El Mensaje del Islam":"https://islamhouse.com/es/books/315173/","La Vida después de la Muerte":"https://islamhouse.com/es/books/313522/","Versión Resumida de Los Jardines de los Justos":"https://islamhouse.com/es/books/311773/","Sahih Al-Kalim At-Taib":"https://islamhouse.com/es/books/263722/","Nociones de Fiqh para principiantes":"https://islamhouse.com/es/books/263690/","Los funerales en el Islam":"https://islamhouse.com/es/books/263687/","Fiqh de los actos de adoración":"https://islamhouse.com/es/books/260297/","Incitación al seguimiento de la Sunnah, prevención de la innovación y el esclarecimiento de su peligrosidad":"https://islamhouse.com/es/books/223168/","El Islam, principios y fundamentos":"https://islamhouse.com/es/books/154755/","LOS DERECHOS HUMANOS EN EL ISLAM y los errores de concepto más comunes":"https://islamhouse.com/es/books/62382/","Los pilares del Islam y la Fe – Capítulo sobre el Ayuno y el Retiro Espiritual":"https://islamhouse.com/es/books/54398/","Deseo arrepentirme, pero...":"https://islamhouse.com/es/books/51344/","Manual para el peregrino":"https://islamhouse.com/es/books/51309/","Más Allá de un Mero Cristianismo":"https://islamhouse.com/es/books/22107/","El Verdadero Mensaje de Jesucristo 2":"https://islamhouse.com/es/books/2243/","El Islam es ...":"https://islamhouse.com/es/books/2237/","¿Dios se hizo hombre ?":"https://islamhouse.com/es/books/2235/","Una breve guia ilustrada para entender el Islam":"https://islamhouse.com/es/books/258/","La historia de nuestro padre Adán":"https://islamhouse.com/es/books/2837869/","Pregunta y respuesta sobre el Islam":"https://islamhouse.com/es/books/2837764/","Al-Qa‘ida Al-Madania – Enseñanza de la lectura en árabe para principiantes":"https://islamhouse.com/es/books/2837715/","Nuestro amor a Jesús nos llevó al Islam":"https://islamhouse.com/es/books/2837672/","El Islam y los descubrimientos de la ciencia moderna Como prueba y evidencia de la profecía y el Mensaje de Muhammad":"https://islamhouse.com/es/books/2837647/","Al-láh- Exaltada sea Su Magnificencia- El Compañero de Sus siervos queridos Los nombre bellos y los atributos sublimes de Al-láh extraídos del Corán y la Sunnah":"https://islamhouse.com/es/books/2837268/","Perspectiva Islámica sobre el Sexo":"https://islamhouse.com/es/books/2837087/","Breve introducción al Libro Sagrado_el Corán":"https://islamhouse.com/es/books/2836570/","Una selección del comercio exitoso en la recompensa del buen obrar":"https://islamhouse.com/es/books/2836345/","El Ojo De La Verdad":"https://islamhouse.com/es/books/2836046/","Tesoros de Al Bukhari":"https://islamhouse.com/es/books/2835890/","(la gran copa mundial) – Tu estatus es donde te ubicas":"https://islamhouse.com/es/books/2835317/","¿DÓNDE ESTÁN LA TORÁ Y EL EVANGELIO ORIGINALES?":"https://islamhouse.com/es/books/2834961/","Reflexiones Coránicas":"https://islamhouse.com/es/books/2834302/","Cuarenta hadices para niños":"https://islamhouse.com/es/books/2834154/","JESÚS (CON ÉL SEA LA PAZ) EN EL CORÁN":"https://islamhouse.com/es/books/2833717/","¿CÓMO ABRAZAR EL ISLAM?":"https://islamhouse.com/es/books/2833716/","CUARENTA PRUEBAS SOBRE LA INVALIDEZ DE LA CREENCIA DE ‹‹HEREDAR EL PECADO ORIGINAL›› Y LA CREENCIA DE ‹‹LA CRUCIFIXIÓN DE JESÚS››":"https://islamhouse.com/es/books/2831419/","¿Cómo trata el Islam con desastres naturales y epidemias?":"https://islamhouse.com/es/books/2829954/","Plegarias y alabanzas auténticas a Al-lah":"https://islamhouse.com/es/books/2829624/","¿Cómo ganarte el corazón de tu esposa?":"https://islamhouse.com/es/books/2828854/","TESOROS ISLÁMICOS":"https://islamhouse.com/es/books/2828630/","Las brisas de afición y de lealtad En la relación De la gente de la casa profética con Los tres califas":"https://islamhouse.com/es/books/2828564/","Es solo la punta del Iceberg":"https://islamhouse.com/es/books/2828460/","ABC DEL ISLAM":"https://islamhouse.com/es/books/2828458/","La conspiración de Constantino contra los monoteístas":"https://islamhouse.com/es/books/2827551/","Buscando el verdadero mensaje del Islam en las traducciones al Español del Sagrado Corán":"https://islamhouse.com/es/books/2776234/","La servidumbre a Dios en el Islam":"https://islamhouse.com/es/books/898231/","LA SERVIDUMBRE EN EL ISLAM":"https://islamhouse.com/es/books/898067/","Equilibrio e integridad en la vida del musulmán":"https://islamhouse.com/es/books/896034/","El jadiz de Gadir Jum [Una perspectiva suní]":"https://islamhouse.com/es/books/883224/","Provisiones para el más allá 02":"https://islamhouse.com/es/books/794593/","Provisiones para el más allá 01":"https://islamhouse.com/es/books/733094/","Al-Jutut Al-‘Arídah - Nociones Generales":"https://islamhouse.com/es/books/722523/","La esperanza en Dios":"https://islamhouse.com/es/books/460802/","101 CONTRADICCIONES EN LA BIBILA":"https://islamhouse.com/es/books/453532/","Significado del término ‘tafwid’":"https://islamhouse.com/es/books/453212/","La peregrinación a nombre de otra persona":"https://islamhouse.com/es/books/453210/","Físicos contemporáneos y la existencia de Dios":"https://islamhouse.com/es/books/446020/","El Viaje Nocturno y la Ascensión":"https://islamhouse.com/es/books/445998/","La Biografía de Muhammad":"https://islamhouse.com/es/books/443557/","El Milagroso Coran":"https://islamhouse.com/es/books/439685/","Versos Trinitarios":"https://islamhouse.com/es/books/438914/","Eruditos cristianos reconocen las contradicciones en la Biblia":"https://islamhouse.com/es/books/438907/","¿Acaso buscas la felicidad?":"https://islamhouse.com/es/books/438479/","400 preguntas y respuestas sobre el ayuno de Ramadán":"https://islamhouse.com/es/books/434246/","Cómo superar la ansiedad y la angustia":"https://islamhouse.com/es/books/412594/","Diccionario Español – Árabe para principiantes":"https://islamhouse.com/es/books/409017/","Árabe para principiantes 2":"https://islamhouse.com/es/books/408999/","La historia del Profeta Noé":"https://islamhouse.com/es/books/403225/","El respeto":"https://islamhouse.com/es/books/403219/","Los Atributos del Profeta Muhámmad":"https://islamhouse.com/es/books/395836/","Diálogo entre un profesor ateo y un estudiante musulmán":"https://islamhouse.com/es/books/395832/","La historia del Profeta Moisés":"https://islamhouse.com/es/books/395830/","¿Por qué estudiamos la biografía del Profeta?":"https://islamhouse.com/es/books/393500/","110 Hadices Qudsis":"https://islamhouse.com/es/books/391893/","ALCANZAR EL OBJETIVO acorde a las evidencias de los dictámenes":"https://islamhouse.com/es/books/387183/","Perspectiva Islámica sobre el Sexo 2":"https://islamhouse.com/es/books/386792/","Pautas para la crianza de los niños":"https://islamhouse.com/es/books/385312/","Grandes personalidades del mundo opinan sobre el Islam":"https://islamhouse.com/es/books/378798/","La diferencia entre aconsejar y condenar":"https://islamhouse.com/es/books/368335/","Elige tu camino":"https://islamhouse.com/es/books/365143/","Compendio de Derecho Islámico [ Los actos de adoración ]":"https://islamhouse.com/es/books/351202/","Compendio del Tafsir del Corán “Al-Qurtubi” (Sura al-Baqarah y el último yuz)":"https://islamhouse.com/es/books/344724/","Contribuciones Musulmanas a la civilización Universal":"https://islamhouse.com/es/books/344721/","Historias de buenas noches del Corán":"https://islamhouse.com/es/books/340548/","Los métodos del Profeta para corregir los errores de la gente":"https://islamhouse.com/es/books/338997/","Abu Dhar Al-Gifari Luchando por la igualdad":"https://islamhouse.com/es/books/334286/","100 Hadices sobre modales Islámicos":"https://islamhouse.com/es/books/334282/","Fundamentos Islámicos para un matrimonio feliz":"https://islamhouse.com/es/books/329645/","Tu día en Ramadán":"https://islamhouse.com/es/books/328231/","Mil Sunnas, en el día y la noche":"https://islamhouse.com/es/books/328226/","Aspectos de la Misericordia hacia los Seres Humanos del Profeta Mujámmad":"https://islamhouse.com/es/books/317912/","Sentencias legales sobre el ayuno para la mujer":"https://islamhouse.com/es/books/315162/","El Asombroso Corán":"https://islamhouse.com/es/books/313520/","Diálogo Cristiano - Musulmán":"https://islamhouse.com/es/books/273089/","Al-Muwatta El camino fácil":"https://islamhouse.com/es/books/273083/","La mujer en el Islam: refutando los prejuicios más comunes":"https://islamhouse.com/es/books/273052/","El Néctar Sellado":"https://islamhouse.com/es/books/273050/","El Comienzo y el Final":"https://islamhouse.com/es/books/273045/","Las etiquetas del matrimonio a la luz de la Sunnah":"https://islamhouse.com/es/books/250215/","Lo que la Biblia dice acerca de Muhammad":"https://islamhouse.com/es/books/250213/","El Profeta como marido":"https://islamhouse.com/es/books/250209/","Historias de los Compañeros del Profeta":"https://islamhouse.com/es/books/233132/","Gente de la Sunnah sean bondadosos entre ustedes":"https://islamhouse.com/es/books/222282/","Un llamado a la salvación verdadera":"https://islamhouse.com/es/books/207155/","La mujer en el Islam y en el Judeocristianismo":"https://islamhouse.com/es/books/204507/","El Islam es la religión de la paz":"https://islamhouse.com/es/books/196002/","Perlas y Corales [ Capítulo sobre la Fe ]":"https://islamhouse.com/es/books/192957/","Usted pregunta, y el Corán responde":"https://islamhouse.com/es/books/191699/","¿Cuál es su nombre?":"https://islamhouse.com/es/books/191233/","Versión Resumida de Sahih Al-Bujari":"https://islamhouse.com/es/books/175545/","La biografía del Profeta Muhammad":"https://islamhouse.com/es/books/175543/","El Origen del Corán":"https://islamhouse.com/es/books/79216/","EL NUEVO TESTAMENTO HOY… ¿PALABRA DE DIOS?":"https://islamhouse.com/es/books/67221/","KIT DE DEBATE Ante la mentira… ¡La verdad dolorosa!":"https://islamhouse.com/es/books/59035/","Aferrarse al Corán y la Sunnah es la esencia de la felicidad":"https://islamhouse.com/es/books/51326/","Historias de los califas rectos":"https://islamhouse.com/es/books/51264/","La moderación y su influencia en la vida de los musulmanes":"https://islamhouse.com/es/books/51260/","Setenta asuntos relacionados con el ayuno":"https://islamhouse.com/es/books/51258/","La Barba, según la opinion de los sabios ancestros y los modernos":"https://islamhouse.com/es/books/51256/","Mi Experiencia con el Dawah":"https://islamhouse.com/es/books/2828914/","Tafsir al-Qurtubi, Compilación general de las leyes del Corán":"https://islamhouse.com/es/books/2810792/","Reconciliando la diferencia entre el verso “Dios te protegerá de la gente” y el fallecimiento del Profeta Muhámmad":"https://islamhouse.com/es/books/453208/","La distribución de la herencia en el Islam":"https://islamhouse.com/es/books/439192/","La evolución de la Jurisprudencia Islámica":"https://islamhouse.com/es/books/422638/","Resumen de las ciencias del Corán":"https://islamhouse.com/es/books/422636/","Diccionario Árabe – Español para principiantes, transliteración":"https://islamhouse.com/es/books/409021/","Diccionario Árabe – Español para principiantes, plurales y conjugación verbal":"https://islamhouse.com/es/books/409019/","Diccionario Árabe – Español para principiantes 3":"https://islamhouse.com/es/books/409001/","Respuestas de la Jurisprudencia Islámica para la mujer":"https://islamhouse.com/es/books/344746/","Revista Luz del Islam":"https://islamhouse.com/es/books/289464/","Su guía definitiva sobre COVID-19":"https://islamhouse.com/es/books/2829339/"}}}