{"islam-message":{"booksCategories":[{"name":"Religiones Comparadas","books":[{"title":"La humanidad necesita el Mensaje del Profeta Muhamad","img":"https://islammessage.org/object_image/book/original/7351.PNG?1695577680","link":"https://islammessage.org/book_file/7351.pdf?1695577680"},{"title":"Jesús (el Cristo) en el Islam","img":"https://islammessage.org/object_image/book/original/7285.PNG?1695069968","link":"https://islammessage.org/book_file/7285.pdf?1695069968"},{"title":"Bartolomé de las Casas Brevísima relación de la destrucción de las Indias","img":"https://islammessage.org/object_image/book/original/7139.PNG?1689318264","link":"https://islammessage.org/book_file/7139.pdf?1689318264"},{"title":"Sesenta pruebas de que el Islam honra a la Virgen María y a su hijo","img":"https://islammessage.org/object_image/book/original/7071.PNG?1685690436","link":"https://islammessage.org/book_file/7071.pdf?1685690436"},{"title":"Mohammad (SAAWS) es la Buena Nueva de Moisés y Jesús","img":"https://islammessage.org/object_image/book/original/5482.PNG?1664627022","link":"https://islammessage.org/book_file/5482.pdf?1664627022"},{"title":"Jesús” y todos los profetas son seres humanos","img":"https://islammessage.org/object_image/book/original/5480.PNG?1664626625","link":"https://islammessage.org/book_file/5480.pdf?1664626666"},{"title":"RESPONDENDO AS questões críticas da HUMANIDADE","img":"https://islammessage.org/object_image/book/original/4164.PNG?1646060944","link":"https://islammessage.org/book_file/4164.pdf?1646060944"},{"title":"Jesús era cristiano o musulmán","img":"https://islammessage.org/object_image/book/original/3654.PNG?1618690387","link":"https://islammessage.org/book_file/3654.pdf?1618690387"},{"title":"El Ojo De La Verdad","img":"https://islammessage.org/object_image/book/original/2993.jpg?1587315336","link":"https://islammessage.org/book_file/2993.pdf?1587315336"},{"title":"Cristianismo El Original Y La Presente Realidad","img":"https://islammessage.org/object_image/book/original/2921.jpg?1586635936","link":"https://islammessage.org/book_file/2921.pdf?1586635936"},{"title":"restaura tu religión original","img":"https://islammessage.org/object_image/book/original/1954.jpg?1581625868","link":"https://islammessage.org/book_file/1954.pdf?1581625868"},{"title":"Muhammad en la Biblia","img":"https://islammessage.org/object_image/book/original/1949.jpg?1581624931","link":"https://islammessage.org/book_file/1949.pdf?1581624930"},{"title":"Diccionario de las palabras delasesinato en la biblia y quran","img":"https://islammessage.org/object_image/book/original/1946.jpg?1581624168","link":"https://islammessage.org/book_file/1946.pdf?1581624168"},{"title":"La Biblia, El Corán \u0026amp; la Ciencia","img":"https://islammessage.org/object_image/book/original/1944.jpg?1581619977","link":"https://islammessage.org/book_file/1944.pdf?1581619977"},{"title":"101 CONTRADICCIONES EN LA BIBILA LAS CONTRADICCIONES MÁS IMPORTANTES QUE ENCONTRAMOS EN LA BIBLIA","img":"https://islammessage.org/object_image/book/original/1940.jpg?1581613974","link":"https://islammessage.org/book_file/1940.pdf?1581613974"},{"title":"Versos Trinitarios","img":"https://islammessage.org/object_image/book/original/1731.jpg?1580322591","link":"https://islammessage.org/book_file/1731.pdf?1580322591"},{"title":"EL NUEVO TESTAMENTO HOY¿PALABRA DE DIOS?","img":"https://islammessage.org/object_image/book/original/1730.jpg?1580246340","link":"https://islammessage.org/book_file/1730.pdf?1580246340"},{"title":"Desviados?","img":"https://islammessage.org/object_image/book/original/1716.jpg?1579785812","link":"https://islammessage.org/book_file/1716.pdf?1579785812"},{"title":"Las señales de Dios están por todas partes","img":"https://islammessage.org/object_image/book/original/1710.jpg?1579732616","link":"https://islammessage.org/book_file/1710.pdf?1579732616"},{"title":"¿ES LA BIBLIA LA PALABRA DE DIOS?","img":"https://islammessage.org/object_image/book/original/1702.jpg?1579729942","link":"https://islammessage.org/book_file/1702.pdf?1579729942"},{"title":"ES LA DOCTRINA DE LA SANTA TRINIDAD INSPIRADA POR LA DIVINIDAD?","img":"https://islammessage.org/object_image/book/original/1688.jpg?1579538428","link":"https://islammessage.org/book_file/1688.pdf?1579538428"},{"title":"Eruditos cristianos reconocen las contradicciones en la Biblia","img":"https://islammessage.org/object_image/book/original/1672.jpg?1579535905","link":"https://islammessage.org/book_file/1672.pdf?1579535905"},{"title":"La conspiración de Constantino contra los monoteístas","img":"https://islammessage.org/object_image/book/original/1671.jpg?1579535753","link":"https://islammessage.org/book_file/1671.pdf?1579535753"},{"title":"A VERDADEIRA MENSAGEM DE JESUS   CRISTO","img":"https://islammessage.org/object_image/book/original/1054.jpg?1569237098","link":"https://islammessage.org/book_file/1054.pdf?1569237098"},{"title":"Quiénes son los chiítas y cómo no siguen la fe del profeta Muhammad ? 2","img":"https://islammessage.org/object_image/book/original/904.jpg?1577524768","link":"https://islammessage.org/book_file/904.pdf?1560864593"},{"title":"Qué Dice El Islam Sobre El Terrorismo","img":"https://islammessage.org/object_image/book/original/556.PNG?1556220832","link":"https://islammessage.org/book_file/556.pdf?1556220832"},{"title":"PORQUE HE ELEGIDO EL ISLAM","img":"https://islammessage.org/object_image/book/original/555.PNG?1556220594","link":"https://islammessage.org/book_file/555.pdf?1556220594"},{"title":"KIT DE DEBATE Ante la mentira… ¡La verdad dolorosa!","img":"https://islammessage.org/object_image/book/original/541.PNG?1556217410","link":"https://islammessage.org/book_file/541.pdf?1556217410"},{"title":"Diálogo Cristiano Musulmán","img":"https://islammessage.org/object_image/book/original/503.PNG?1555184004","link":"https://islammessage.org/book_file/503.pdf?1555184004"},{"title":"DEJEN HABLAR A LA BIBLIA!","img":"https://islammessage.org/object_image/book/original/502.PNG?1555183841","link":"https://islammessage.org/book_file/502.pdf?1555183841"},{"title":"101 CONTRADICCIONES EN LA BIBILA","img":"https://islammessage.org/object_image/book/original/500.PNG?1555183275","link":"https://islammessage.org/book_file/500.pdf?1555183275"},{"title":"CRISTO EN EL ISLAM","img":"https://islammessage.org/object_image/book/original/150.jpg?1551121466","link":"https://islammessage.org/book_file/150.pdf?1551121466"}]},{"name":"El Sagrado Coran","books":[{"title":"El Corán es la palabra de Dios","img":"https://islammessage.org/object_image/book/original/7290.PNG?1695315148","link":"https://islammessage.org/book_file/7290.pdf?1695315148"},{"title":"Breve introducción al Libro Sagrado_el Corán","img":"https://islammessage.org/object_image/book/original/6730.PNG?1678899767","link":"https://islammessage.org/book_file/6730.pdf?1678899767"},{"title":"APRENDE ÁRABE فتح الرحمن فى تعليم كلمات القران ","img":"https://islammessage.org/object_image/book/original/6294.PNG?1671893689","link":"https://islammessage.org/book_file/6294.pdf?1671893689"},{"title":"REGLAS DEL TAJWED ","img":"https://islammessage.org/object_image/book/original/4045.PNG?1638827960","link":"https://islammessage.org/book_file/4045.pdf?1638827960"},{"title":"Nuraniah en español  تعليم القران بالطريقة النورانية للناطقين باللغة الاسبانية ","img":"https://islammessage.org/object_image/book/original/4044.PNG?1638827597","link":"https://islammessage.org/book_file/4044.pdf?1638827597"},{"title":"Compendio del Tafsïr del Qur°än Al-Quröubï 10","img":"https://islammessage.org/object_image/book/original/4043.PNG?1638826673","link":"https://islammessage.org/book_file/4043.pdf?1638826673"},{"title":"Compendio del Tafsïr del Qur°än Al-Quröubï 9","img":"https://islammessage.org/object_image/book/original/4042.PNG?1638826614","link":"https://islammessage.org/book_file/4042.pdf?1638826614"},{"title":"Compendio del Tafsïr del Qur°än Al-Quröubï 8","img":"https://islammessage.org/object_image/book/original/4041.PNG?1638826562","link":"https://islammessage.org/book_file/4041.pdf?1638826562"},{"title":"Compendio del Tafsïr del Qur°än Al-Quröubï 7","img":"https://islammessage.org/object_image/book/original/4040.PNG?1638826506","link":"https://islammessage.org/book_file/4040.pdf?1638826506"},{"title":"Compendio del Tafsïr del Qur°än Al-Quröubï 6","img":"https://islammessage.org/object_image/book/original/4039.PNG?1638826313","link":"https://islammessage.org/book_file/4039.pdf?1638826313"},{"title":"GUÍA DEL MAESTRO DEL CORÁN EN LA GESTIÓN DE LA CLASE دليل معلم القرآن","img":"https://islammessage.org/object_image/book/original/4038.PNG?1638826302","link":"https://islammessage.org/book_file/4038.pdf?1638826302"},{"title":"Compendio del Tafsïr del Qur°än Al-Quröubï 5","img":"https://islammessage.org/object_image/book/original/4037.PNG?1638826235","link":"https://islammessage.org/book_file/4037.pdf?1638826235"},{"title":"Compendio del Tafsïr del Qur°än Al-Quröubï 4","img":"https://islammessage.org/object_image/book/original/4036.PNG?1638826139","link":"https://islammessage.org/book_file/4036.pdf?1638826139"},{"title":"Compendio del Tafsïr del Qur°än Al-Quröubï 3","img":"https://islammessage.org/object_image/book/original/4035.PNG?1638826077","link":"https://islammessage.org/book_file/4035.pdf?1638826077"},{"title":"Compendio del Tafsïr del Qur°än Al-Quröubï 2","img":"https://islammessage.org/object_image/book/original/4034.PNG?1638826026","link":"https://islammessage.org/book_file/4034.pdf?1638826026"},{"title":"Compendio del Tafsïr del Qur°än Al-Quröubï 1","img":"https://islammessage.org/object_image/book/original/4033.PNG?1638825950","link":"https://islammessage.org/book_file/4033.pdf?1638825950"},{"title":"Traducción en lengua española europea El Corán","img":"https://islammessage.org/object_image/book/original/3696.PNG?1626472462","link":"https://islammessage.org/book_file/3696.pdf?1626472462"},{"title":"Reglas del Tajwid","img":"https://islammessage.org/object_image/book/original/3620.PNG?1614866282","link":"https://islammessage.org/book_file/3620.pdf?1614866282"},{"title":"JESÚS (CON ÉL SEA LA PAZ) EN EL CORÁN","img":"https://islammessage.org/object_image/book/original/3249.jpg?1589909982","link":"https://islammessage.org/book_file/3249.pdf?1589909982"},{"title":"La Traduccion Comentada Del Sagrado Coran Al Idioma Espanol","img":"https://islammessage.org/object_image/book/original/3111.jpg?1588609545","link":"https://islammessage.org/book_file/3111.pdf?1588609545"},{"title":"El Corán y la ciencia moderna","img":"https://islammessage.org/object_image/book/original/1953.jpg?1581625525","link":"https://islammessage.org/book_file/1953.pdf?1581625525"},{"title":"EL MENSAJE DEL QUR’AN Tradución del Árabe y Comentarios","img":"https://islammessage.org/object_image/book/original/1951.jpg?1581625152","link":"https://islammessage.org/book_file/1951.pdf?1581625152"},{"title":"Mensajes del Corán","img":"https://islammessage.org/object_image/book/original/1947.jpg?1581624312","link":"https://islammessage.org/book_file/1947.pdf?1581624312"},{"title":"LOS ATRIBUTOS DE DIOS EN EL ANTIGUO TESTAMENTO Y EN EL CORÁN","img":"https://islammessage.org/object_image/book/original/1942.jpg?1581619822","link":"https://islammessage.org/book_file/1942.pdf?1581619822"},{"title":"Mi Experiencia con el Dawah","img":"https://islammessage.org/object_image/book/original/1747.jpg?1580390421","link":"https://islammessage.org/book_file/1747.pdf?1596790384"},{"title":"El Origen del Corán Un estudio crítico de las teorías sobre la autoría del Corán","img":"https://islammessage.org/object_image/book/original/1683.jpg?1579537826","link":"https://islammessage.org/book_file/1683.pdf?1579537826"},{"title":"El Milagroso Corán","img":"https://islammessage.org/object_image/book/original/1682.jpg?1579537594","link":"https://islammessage.org/book_file/1682.pdf?1579537594"},{"title":"Aferrarse al Corán y la Sunnah es la esencia de la felicidad en esta vida y en la próxima, así como la salvación ante toda discordia","img":"https://islammessage.org/object_image/book/original/1668.jpg?1579530283","link":"https://islammessage.org/book_file/1668.pdf?1579530283"},{"title":"BUSCANDO EL VERDADERO MENSAJE DEL ISLAM EN LAS TRADUCCIONES AL ESPAÑOL DEL SAGRADO CORÁN","img":"https://islammessage.org/object_image/book/original/1666.jpg?1579530034","link":"https://islammessage.org/book_file/1666.pdf?1579530034"},{"title":"Compendio del Tafsïr del Qur°än Al-Quröubï","img":"https://islammessage.org/object_image/book/original/1657.jpg?1579527478","link":"https://islammessage.org/book_file/1657.pdf?1579527478"},{"title":" INICIACIÓN AL CORÁN","img":"https://islammessage.org/object_image/book/original/907.jpg?1562253374","link":"https://islammessage.org/book_file/907.pdf?1562253374"},{"title":"que escribe al quran ?","img":"https://islammessage.org/object_image/book/original/879.PNG?1557235486","link":"https://islammessage.org/book_file/879.pdf?1557235486"},{"title":"Cómo criar a nuestros niños?","img":"https://islammessage.org/object_image/book/original/875.PNG?1557234162","link":"https://islammessage.org/book_file/875.pdf?1557234162"},{"title":"Usted pregunta, y el Corán responde","img":"https://islammessage.org/object_image/book/original/545.PNG?1556218987","link":"https://islammessage.org/book_file/545.pdf?1556218987"},{"title":"Tafsir al-Qurtubi, Compilación general de las leyes del Corán 01","img":"https://islammessage.org/object_image/book/original/544.jpg?1556218914","link":"https://islammessage.org/book_file/544.pdf?1556218914"},{"title":"Quién Escribió el Qur\u0026#39;an","img":"https://islammessage.org/object_image/book/original/543.PNG?1556218716","link":"https://islammessage.org/book_file/543.pdf?1556218716"},{"title":"Los misterios del Corán","img":"https://islammessage.org/object_image/book/original/542.PNG?1556217870","link":"https://islammessage.org/book_file/542.pdf?1556217870"},{"title":"El Noble Corán, y su traducción a la lengua Española","img":"https://islammessage.org/object_image/book/original/12.png?1550876532","link":"https://islammessage.org/book_file/12.pdf?1550876532"}]},{"name":"Fe","books":[{"title":"ESTE ES MI SEÑOR","img":"https://islammessage.org/object_image/book/original/7355.PNG?1695901208","link":"https://islammessage.org/book_file/7355.pdf?1695901208"},{"title":"Evidencias de la existencia de Dios","img":"https://islammessage.org/object_image/book/original/7350.PNG?1695577596","link":"https://islammessage.org/book_file/7350.pdf?1695577596"},{"title":"El Islam es la religión innata","img":"https://islammessage.org/object_image/book/original/7292.PNG?1695315946","link":"https://islammessage.org/book_file/7292.pdf?1695315946"},{"title":"Cómo convertirse al Islam ?","img":"https://islammessage.org/object_image/book/original/7287.PNG?1695314428","link":"https://islammessage.org/book_file/7287.pdf?1695314428"},{"title":"Conozca el Islam en 5 minutos","img":"https://islammessage.org/object_image/book/original/7284.PNG?1695069773","link":"https://islammessage.org/book_file/7284.pdf?1695069773"},{"title":"La religión universal","img":"https://islammessage.org/object_image/book/original/7283.PNG?1695067688","link":"https://islammessage.org/book_file/7283.pdf?1695067688"},{"title":"Preguntas seleccionadas del diccionario de preguntas comunes sobre el Islam","img":"https://islammessage.org/object_image/book/original/7263.PNG?1693943359","link":"https://islammessage.org/book_file/7263.pdf?1693943359"},{"title":"Ramas de la fe en la legislación islámica","img":"https://islammessage.org/object_image/book/original/7230.PNG?1691954321","link":"https://islammessage.org/book_file/7230.pdf?1691954321"},{"title":"Por qué Dios nos creó","img":"https://islammessage.org/object_image/book/original/7229.PNG?1691953775","link":"https://islammessage.org/book_file/7229.pdf?1691953775"},{"title":"Los bellos nombres de Dios","img":"https://islammessage.org/object_image/book/original/7228.PNG?1691953023","link":"https://islammessage.org/book_file/7228.pdf?1691953023"},{"title":"Al-láh- Exaltada sea Su Magnificencia- El Compañero de Sus siervos queridos Los nombre bellos y los atributos sublimes de Al-láh extraídos del Corán y la Sunnah","img":"https://islammessage.org/object_image/book/original/7193.PNG?1691436217","link":"https://islammessage.org/book_file/7193.pdf?1691436217"},{"title":"CAPÍTULOS BREVES QUE RESUMEN LA CREENCIA ISLÁMICA","img":"https://islammessage.org/object_image/book/original/7144.PNG?1690049884","link":"https://islammessage.org/book_file/7144.pdf?1690049884"},{"title":"El Islam Breve resumen de la religión del Islam de acuerdo al Noble Corán y la tradición profética","img":"https://islammessage.org/object_image/book/original/7141.PNG?1689526063","link":"https://islammessage.org/book_file/7141.pdf?1689526063"},{"title":"Cadeau à télécharger pdf pour vos enfants","img":"https://islammessage.org/object_image/book/original/7117.PNG?1688594533","link":"https://islammessage.org/book_file/7117.pdf?1688594533"},{"title":" los Bellos Nombres y Sublimes Atributos de Allah","img":"https://islammessage.org/object_image/book/original/7058.PNG?1685292209","link":"https://islammessage.org/book_file/7058.pdf?1685292209"},{"title":"SOY MUSULMÁN","img":"https://islammessage.org/object_image/book/original/6115.PNG?1668266003","link":"https://islammessage.org/book_file/6115.pdf?1668266003"},{"title":"JOYA DE LOS HERMANOS, CON RESPUESTAS IMPORTANTES RELATIVAS A LOS PILARES DEL ISLAM","img":"https://islammessage.org/object_image/book/original/5709.PNG?1665333084","link":"https://islammessage.org/book_file/5709.pdf?1665333084"},{"title":"AB La creencia","img":"https://islammessage.org/object_image/book/original/5484.PNG?1664627369","link":"https://islammessage.org/book_file/5484.pdf?1664627369"},{"title":"No ha engendrado ni ha sido engendrado","img":"https://islammessage.org/object_image/book/original/5481.PNG?1664626829","link":"https://islammessage.org/book_file/5481.pdf?1664626829"},{"title":"Tu Islam Basado en  Aprende tú mismo el Islam","img":"https://islammessage.org/object_image/book/original/5479.PNG?1664626475","link":"https://islammessage.org/book_file/5479.pdf?1664626475"},{"title":"¿Cómo hacerte musulmán?","img":"https://islammessage.org/object_image/book/original/5478.PNG?1664626339","link":"https://islammessage.org/book_file/5478.pdf?1664626339"},{"title":"El Islam en unas líneas","img":"https://islammessage.org/object_image/book/original/5475.PNG?1664626093","link":"https://islammessage.org/book_file/5475.pdf?1664626093"},{"title":"¿Qué es el Islam?","img":"https://islammessage.org/object_image/book/original/5474.PNG?1664621978","link":"https://islammessage.org/book_file/5474.pdf?1664621978"},{"title":"El Islam Presentado a través del Corán y de la tradición profética","img":"https://islammessage.org/object_image/book/original/4194.PNG?1650055094","link":"https://islammessage.org/book_file/4194.pdf?1650055094"},{"title":"Comentario al texto Los cuatro principios","img":"https://islammessage.org/object_image/book/original/4176.PNG?1647541309","link":"https://islammessage.org/book_file/4176.pdf?1647541309"},{"title":"Los Nombres de Dios","img":"https://islammessage.org/object_image/book/original/4110.PNG?1642018340","link":"https://islammessage.org/book_file/4110.pdf?1642018340"},{"title":"EL ÚLTIMO MENSAJERO","img":"https://islammessage.org/object_image/book/original/4046.PNG?1638898698","link":"https://islammessage.org/book_file/4046.pdf?1638898698"},{"title":"¿DÓNDE ESTÁ EL CAMINO?","img":"https://islammessage.org/object_image/book/original/4030.PNG?1638726584","link":"https://islammessage.org/book_file/4030.pdf?1638726584"},{"title":"Los nombres y los atributos de Al-láh","img":"https://islammessage.org/object_image/book/original/4028.PNG?1638725450","link":"https://islammessage.org/book_file/4028.pdf?1638725450"},{"title":"En el Nombre de Al-láh, El Todocompasivo y Misericordioso","img":"https://islammessage.org/object_image/book/original/4025.PNG?1638724227","link":"https://islammessage.org/book_file/4025.pdf?1638724227"},{"title":"Español (Spanish) Cuidado, es la religión de los chiítas","img":"https://islammessage.org/object_image/book/original/3979.PNG?1638710218","link":"https://islammessage.org/book_file/3979.pdf?1638710218"},{"title":"¡Bienvenido al Islam! - Guía para los nuevos musulmanes","img":"https://islammessage.org/object_image/book/original/3723.PNG?1634382717","link":"https://islammessage.org/book_file/3723.pdf?1634382717"},{"title":"Comentario al texto Los tres principios fundamentales","img":"https://islammessage.org/object_image/book/original/3694.PNG?1626457435","link":"https://islammessage.org/book_file/3694.pdf?1626457435"},{"title":"consejos valiosos","img":"https://islammessage.org/object_image/book/original/3544.jpg?1612385030","link":"https://islammessage.org/book_file/3544.pdf?1612385030"},{"title":"Un Único Dios Un Único Mensaje","img":"https://islammessage.org/object_image/book/original/3537.PNG?1611942352","link":"https://islammessage.org/book_file/3537.pdf?1611942352"},{"title":"50 consejos","img":"https://islammessage.org/object_image/book/original/3434.jpg?1602868836","link":"https://islammessage.org/book_file/3434.pdf?1602868836"},{"title":"Introducción a las Profecías de la Biblia","img":"https://islammessage.org/object_image/book/original/3382.jpg?1599509588","link":"https://islammessage.org/book_file/3382.pdf?1599509588"},{"title":"El Significado de la Adoración","img":"https://islammessage.org/object_image/book/original/3380.jpg?1599509371","link":"https://islammessage.org/book_file/3380.pdf?1599509371"},{"title":"DESPEJA TUS DUDAS SOBRE EL ISLAM COMPILADO POR SAHEEH INTERNACIONAL","img":"https://islammessage.org/object_image/book/original/3379.jpg?1599509351","link":"https://islammessage.org/book_file/3379.pdf?1599509351"},{"title":"UNA EXPLICACIÓN SENCILLA DE LA CREENCIA ISLÁMICA","img":"https://islammessage.org/object_image/book/original/3256.jpg?1589910195","link":"https://islammessage.org/book_file/3256.pdf?1589910195"},{"title":"EL COMIENZO Y EL FINAL","img":"https://islammessage.org/object_image/book/original/3254.jpg?1589910116","link":"https://islammessage.org/book_file/3254.pdf?1589910116"},{"title":"CÓMO ABRAZAR EL ISLAM?","img":"https://islammessage.org/object_image/book/original/3251.jpg?1589910036","link":"https://islammessage.org/book_file/3251.pdf?1589910036"},{"title":"EL MENSAJE DEL ISLAM","img":"https://islammessage.org/object_image/book/original/3246.jpg?1589909867","link":"https://islammessage.org/book_file/3246.pdf?1589909867"},{"title":"El ABC del ISLAM","img":"https://islammessage.org/object_image/book/original/2414.jpg?1585482009","link":"https://islammessage.org/book_file/2414.pdf?1585482009"},{"title":"PORQUE HE ELEGIDO EL ISLAM?","img":"https://islammessage.org/object_image/book/original/1956.jpg?1581626051","link":"https://islammessage.org/book_file/1956.pdf?1581626051"},{"title":"Volver al origen","img":"https://islammessage.org/object_image/book/original/1943.jpg?1581619880","link":"https://islammessage.org/book_file/1943.pdf?1581619880"},{"title":"Una guía hacia las bases fundamentales y los objetivos principales del ʾIslām – Preguntas y respuestas ","img":"https://islammessage.org/object_image/book/original/1751.jpg?1580391166","link":"https://islammessage.org/book_file/1751.pdf?1580391166"},{"title":"El Verdadero Mensaje de Jesucristo En el Corán y la Biblia","img":"https://islammessage.org/object_image/book/original/1740.jpg?1580324604","link":"https://islammessage.org/book_file/1740.pdf?1580324604"},{"title":"El Islam Esencia, leyes, creencia, disciplinas","img":"https://islammessage.org/object_image/book/original/1739.jpg?1580324502","link":"https://islammessage.org/book_file/1739.pdf?1580324502"},{"title":"CUAL ES SU NOMBRE?","img":"https://islammessage.org/object_image/book/original/1733.jpg?1580322831","link":"https://islammessage.org/book_file/1733.pdf?1580322831"},{"title":"La Explicación de los Bellos y Perfectos Nombres de Alá","img":"https://islammessage.org/object_image/book/original/1728.jpg?1580246037","link":"https://islammessage.org/book_file/1728.pdf?1580246037"},{"title":"Pautas para la crianza de los niños","img":"https://islammessage.org/object_image/book/original/1723.jpg?1579789439","link":"https://islammessage.org/book_file/1723.pdf?1579789439"},{"title":"LA MEJOR PROVISIÓN PARA EL DÍA DEL JUICIO FINAL","img":"https://islammessage.org/object_image/book/original/1703.jpg?1579730264","link":"https://islammessage.org/book_file/1703.pdf?1579730264"},{"title":"¿HAY UNA RELIGIÓN VERDADERA?","img":"https://islammessage.org/object_image/book/original/1699.jpg?1579554202","link":"https://islammessage.org/book_file/1699.pdf?1579554202"},{"title":"FUNDAMENTOS DEL SENDERO PROFÉTICO","img":"https://islammessage.org/object_image/book/original/1695.jpg?1579553755","link":"https://islammessage.org/book_file/1695.pdf?1579553755"},{"title":"LOS CUATRO PRINCIPIOS DEL SHIRK","img":"https://islammessage.org/object_image/book/original/1694.jpg?1579553667","link":"https://islammessage.org/book_file/1694.pdf?1579553667"},{"title":"50 preguntas y respuestas sobre el monoteísmo islámico","img":"https://islammessage.org/object_image/book/original/1691.jpg?1579552998","link":"https://islammessage.org/book_file/1691.pdf?1579552998"},{"title":"La esperanza en Dios","img":"https://islammessage.org/object_image/book/original/1689.jpg?1579538558","link":"https://islammessage.org/book_file/1689.pdf?1579538558"},{"title":"El_Credo_de_Tahawi","img":"https://islammessage.org/object_image/book/original/1680.jpg?1579537379","link":"https://islammessage.org/book_file/1680.pdf?1579537379"},{"title":"El Chiismo no es Islam pues pone a sus imames por encima de los profetas","img":"https://islammessage.org/object_image/book/original/1679.jpg?1579536977","link":"https://islammessage.org/book_file/1679.pdf?1579536977"},{"title":"Doctrina_nivel_2_clase_1","img":"https://islammessage.org/object_image/book/original/1677.jpg?1579536742","link":"https://islammessage.org/book_file/1677.pdf?1579536742"},{"title":"Confiar en Dios","img":"https://islammessage.org/object_image/book/original/1670.jpg?1579535493","link":"https://islammessage.org/book_file/1670.pdf?1579535493"},{"title":"Las Condiciones del Testimonio de Fe","img":"https://islammessage.org/object_image/book/original/1669.jpg?1579535418","link":"https://islammessage.org/book_file/1669.pdf?1579535418"},{"title":"ALCANZAR EL OBJETIVO acorde a las evidencias de los dictámenes","img":"https://islammessage.org/object_image/book/original/1665.jpg?1579529930","link":"https://islammessage.org/book_file/1665.pdf?1579529930"},{"title":"Los dos testimonios de Fe","img":"https://islammessage.org/object_image/book/original/1664.jpg?1579529826","link":"https://islammessage.org/book_file/1664.pdf?1579529826"},{"title":"Al-Jutut Al-‘Arídah Nociones Generales Exposición y refutación de las fuentes sobre las que está basada la religión chiita","img":"https://islammessage.org/object_image/book/original/1661.jpg?1579528024","link":"https://islammessage.org/book_file/1661.pdf?1579528024"},{"title":" * Descubre el libro del Islam *","img":"https://islammessage.org/object_image/book/original/1261.jpg?1605872174","link":"https://islammessage.org/book_file/1261.pdf?1573392415"},{"title":"El Verdadero Concepto De Dios","img":"https://islammessage.org/object_image/book/original/1055.jpg?1569237627","link":"https://islammessage.org/book_file/1055.pdf?1569237627"},{"title":"una breve guía de predicar el islam a los no musumanes","img":"https://islammessage.org/object_image/book/original/958.jpg?1566145744","link":"https://islammessage.org/book_file/958.pdf?1565982590"},{"title":"Quiénes son los chiítas y cómo no siguen la fe del profeta Muhammad ? 1 ","img":"https://islammessage.org/object_image/book/original/903.jpg?1577524775","link":"https://islammessage.org/book_file/903.pdf?1560864289"},{"title":"EL TAWHID El derecho de Allah sobre sus siervos","img":"https://islammessage.org/object_image/book/original/874.PNG?1557233712","link":"https://islammessage.org/book_file/874.pdf?1557233712"},{"title":"Tres principios y sus fundamentos","img":"https://islammessage.org/object_image/book/original/577.PNG?1556299956","link":"https://islammessage.org/book_file/577.pdf?1556299956"},{"title":"Los funerales en el Islam","img":"https://islammessage.org/object_image/book/original/572.PNG?1556298802","link":"https://islammessage.org/book_file/572.pdf?1556298802"},{"title":"La Pureza","img":"https://islammessage.org/object_image/book/original/570.PNG?1556298624","link":"https://islammessage.org/book_file/570.pdf?1556298624"},{"title":"La Menstruación, la Metrorragia y el Posparto","img":"https://islammessage.org/object_image/book/original/569.PNG?1556298553","link":"https://islammessage.org/book_file/569.pdf?1556298553"},{"title":"La Doctrina Islámica, basada en el Qur’an y la Sunnah","img":"https://islammessage.org/object_image/book/original/568.PNG?1556298492","link":"https://islammessage.org/book_file/568.pdf?1556298492"},{"title":"Una Descripción del Fuego del Infierno","img":"https://islammessage.org/object_image/book/original/534.PNG?1556213436","link":"https://islammessage.org/book_file/534.pdf?1556213436"},{"title":"Un Solo Mensaje","img":"https://islammessage.org/object_image/book/original/533.PNG?1556213363","link":"https://islammessage.org/book_file/533.pdf?1556213363"},{"title":"Qué es el Islam","img":"https://islammessage.org/object_image/book/original/531.PNG?1556212986","link":"https://islammessage.org/book_file/531.pdf?1556212986"},{"title":"Los Derechos Humanos en el Islam","img":"https://islammessage.org/object_image/book/original/530.PNG?1556212848","link":"https://islammessage.org/book_file/530.pdf?1556212848"},{"title":"Las señales principales del Día del Juicio","img":"https://islammessage.org/object_image/book/original/529.PNG?1556212713","link":"https://islammessage.org/book_file/529.pdf?1556212713"},{"title":"La verdadera religión de Dios","img":"https://islammessage.org/object_image/book/original/528.PNG?1556212612","link":"https://islammessage.org/book_file/528.pdf?1556212612"},{"title":"La Religión de la Verdad","img":"https://islammessage.org/object_image/book/original/527.PNG?1556212512","link":"https://islammessage.org/book_file/527.pdf?1556212512"},{"title":"La moderación y su influencia en la vida de los musulmanes","img":"https://islammessage.org/object_image/book/original/526.PNG?1556212363","link":"https://islammessage.org/book_file/526.pdf?1556212362"},{"title":"La honorable Ka’ba","img":"https://islammessage.org/object_image/book/original/525.jpg?1556212259","link":"https://islammessage.org/book_file/525.pdf?1556212259"},{"title":"La creencia de los seguidores de la tradición Profética","img":"https://islammessage.org/object_image/book/original/523.PNG?1556210495","link":"https://islammessage.org/book_file/523.pdf?1556210495"},{"title":"Entendiendo el Islam","img":"https://islammessage.org/object_image/book/original/520.PNG?1556208881","link":"https://islammessage.org/book_file/520.pdf?1556208881"},{"title":"Enseñanzas primarias sobre el Islam","img":"https://islammessage.org/object_image/book/original/519.PNG?1556207760","link":"https://islammessage.org/book_file/519.pdf?1556207760"},{"title":"Elige tu camino","img":"https://islammessage.org/object_image/book/original/518.PNG?1556207502","link":"https://islammessage.org/book_file/518.pdf?1556207502"},{"title":"El viaje al más allá","img":"https://islammessage.org/object_image/book/original/517.PNG?1556207307","link":"https://islammessage.org/book_file/517.pdf?1556207307"},{"title":"EL TAWHID El derecho de Allah sobre sus siervos","img":"https://islammessage.org/object_image/book/original/516.PNG?1556207096","link":"https://islammessage.org/book_file/516.pdf?1556207096"},{"title":"El Propósito de la Creación","img":"https://islammessage.org/object_image/book/original/515.PNG?1556050890","link":"https://islammessage.org/book_file/515.pdf?1556050890"},{"title":"El Paraíso y el Infierno a la luz del Corán y la Sunnah 1","img":"https://islammessage.org/object_image/book/original/514.PNG?1556050791","link":"https://islammessage.org/book_file/514.pdf?1556050791"},{"title":"El Mensaje del Islam","img":"https://islammessage.org/object_image/book/original/513.PNG?1556050440","link":"https://islammessage.org/book_file/513.pdf?1556050440"},{"title":"El Islam, principios y fundamentos","img":"https://islammessage.org/object_image/book/original/512.PNG?1556050109","link":"https://islammessage.org/book_file/512.pdf?1556050109"},{"title":"El Fiqh del Hayy","img":"https://islammessage.org/object_image/book/original/511.PNG?1556049878","link":"https://islammessage.org/book_file/511.pdf?1556049878"},{"title":"El Comienzo y el Final","img":"https://islammessage.org/object_image/book/original/510.PNG?1556049710","link":"https://islammessage.org/book_file/510.pdf?1556049710"},{"title":"Derecho Islámico - Capítulo sobre el ayuno","img":"https://islammessage.org/object_image/book/original/508.PNG?1555184792","link":"https://islammessage.org/book_file/508.pdf?1555184792"},{"title":"CÓMO ABRAZAR EL ISLAM","img":"https://islammessage.org/object_image/book/original/507.PNG?1555184616","link":"https://islammessage.org/book_file/507.pdf?1555184616"},{"title":"Al-’Aquidah At-Tahauiiah ","img":"https://islammessage.org/object_image/book/original/506.PNG?1555184483","link":"https://islammessage.org/book_file/506.pdf?1555184483"},{"title":"El Néctar Sellado","img":"https://islammessage.org/object_image/book/original/132.jpg?1551118106","link":"https://islammessage.org/book_file/132.pdf?1551118106"},{"title":"El Mensaje del Islam","img":"https://islammessage.org/object_image/book/original/75.jpg?1551026228","link":"https://islammessage.org/book_file/75.pdf?1551026228"},{"title":"Explicación de la última décima parte del Corán","img":"https://islammessage.org/object_image/book/original/33.jpg?1594380192","link":"https://islammessage.org/book_file/33.pdf?1550939954"},{"title":"La Llave Para Comprender El Islam","img":"https://islammessage.org/object_image/book/original/27.jpg?1551020997","link":"https://islammessage.org/book_file/27.pdf?1550932256"}]},{"name":"Islam es la verdad","books":[{"title":"El Islam VS El racismo","img":"https://islammessage.org/object_image/book/original/7349.PNG?1695577448","link":"https://islammessage.org/book_file/7349.pdf?1695577448"},{"title":" Por qué el Islam ?","img":"https://islammessage.org/object_image/book/original/7289.PNG?1695315076","link":"https://islammessage.org/book_file/7289.pdf?1695315076"},{"title":"El ateísmo ¿Una declaración de éxito o de fracaso?","img":"https://islammessage.org/object_image/book/original/6227.PNG?1671034312","link":"https://islammessage.org/book_file/6227.pdf?1671034312"},{"title":"¿Es el Corán la palabra de Allah?","img":"https://islammessage.org/object_image/book/original/6116.PNG?1668266771","link":"https://islammessage.org/book_file/6116.pdf?1668266771"},{"title":"Si te conocieran te amarían","img":"https://islammessage.org/object_image/book/original/6114.PNG?1668265199","link":"https://islammessage.org/book_file/6114.pdf?1668265199"},{"title":"Muhammad es realmente el Mensajero de Dios","img":"https://islammessage.org/object_image/book/original/5993.PNG?1666957105","link":"https://islammessage.org/book_file/5993.pdf?1666957105"},{"title":"para quién y cuándo Por qué el Islam","img":"https://islammessage.org/object_image/book/original/5483.PNG?1664627183","link":"https://islammessage.org/book_file/5483.pdf?1664627183"},{"title":"Por qué creemos en el Islam? Sumario de argumentos","img":"https://islammessage.org/object_image/book/original/5476.PNG?1664626155","link":"https://islammessage.org/book_file/5476.pdf?1664626155"},{"title":"La creación del universo y del ser humano la sabiduría, la dignificación y el propósito","img":"https://islammessage.org/object_image/book/original/4031.PNG?1638726693","link":"https://islammessage.org/book_file/4031.pdf?1638726693"},{"title":"Conversación con un ateo","img":"https://islammessage.org/object_image/book/original/3769.PNG?1636751204","link":"https://islammessage.org/book_file/3769.pdf?1636751204"},{"title":"O que os mulçumanos ofereceram ao mundo vol 2 ","img":"https://islammessage.org/object_image/book/original/3698.PNG?1629144589","link":"https://islammessage.org/book_file/3698.pdf?1629144589"},{"title":"EL ISLAM, PAZ Y BIENESTAR PARA EL SER HUMANO Vol. 1 Islam y Medios de Comunicación","img":"https://islammessage.org/object_image/book/original/3536.PNG?1611774568","link":"https://islammessage.org/book_file/3536.pdf?1611774567"},{"title":"Palabras sobre el Amor, el Miedo y la Esperanza ","img":"https://islammessage.org/object_image/book/original/3454.jpg?1605212043","link":"https://islammessage.org/book_file/3454.pdf?1605211133"},{"title":"INNOVAR EN LA RELIGIÓN ES UNA FORMA DE EXTRAVIARSE","img":"https://islammessage.org/object_image/book/original/3255.jpg?1589910131","link":"https://islammessage.org/book_file/3255.pdf?1589910131"},{"title":"EL ISLAM ES LA RELIGIÓN DE LA PAZ","img":"https://islammessage.org/object_image/book/original/3244.jpg?1589909845","link":"https://islammessage.org/book_file/3244.pdf?1589909845"},{"title":"LOS DERECHOS HUMANOS EN EL ISLAM Y LOS ERRORES DE CONCEPTO MÁS COMUNES","img":"https://islammessage.org/object_image/book/original/3242.jpg?1589909661","link":"https://islammessage.org/book_file/3242.pdf?1589909661"},{"title":"El Islam y los descubrimientos de la ciencia moderna","img":"https://islammessage.org/object_image/book/original/3201.jpg?1589891754","link":"https://islammessage.org/book_file/3201.pdf?1589891754"},{"title":" Por Qué EL Islam ?","img":"https://islammessage.org/object_image/book/original/2960.jpg?1587218061","link":"https://islammessage.org/book_file/2960.pdf?1587218061"},{"title":"Conferencias sobre Aspectos de la Misericordia del Profeta Mujámmad  con el prójimo","img":"https://islammessage.org/object_image/book/original/1950.jpg?1581624992","link":"https://islammessage.org/book_file/1950.pdf?1581624992"},{"title":"La coexistencia entre musulmanes y no musulmanes a la luz del Corán y la Sunnah","img":"https://islammessage.org/object_image/book/original/1945.jpg?1581620063","link":"https://islammessage.org/book_file/1945.pdf?1581620063"},{"title":"El Profeta Mohammad, Modelo Para la Humanidad","img":"https://islammessage.org/object_image/book/original/1941.jpg?1581619715","link":"https://islammessage.org/book_file/1941.pdf?1581619715"},{"title":"Grandes personalidades del mundo opinan sobre el Islam","img":"https://islammessage.org/object_image/book/original/1697.jpg?1579553923","link":"https://islammessage.org/book_file/1697.pdf?1579553923"},{"title":"CONTRIBUCIONES MUSULMANAS A LA CIVILIZACIÓN UNIVERSAL","img":"https://islammessage.org/object_image/book/original/1673.jpg?1579536009","link":"https://islammessage.org/book_file/1673.pdf?1579536009"},{"title":"VALORES CIVILIZATORIOS EN EL MENSAJE DEL ISLAM","img":"https://islammessage.org/object_image/book/original/1667.jpg?1579530133","link":"https://islammessage.org/book_file/1667.pdf?1579530133"},{"title":"Los derechos de los no musulmanes en el Islam","img":"https://islammessage.org/object_image/book/original/571.PNG?1556298707","link":"https://islammessage.org/book_file/571.pdf?1556298707"},{"title":"Los Derechos Humanos en el Islam y los errores de concepto más comunes","img":"https://islammessage.org/object_image/book/original/552.PNG?1556220271","link":"https://islammessage.org/book_file/552.pdf?1556220271"},{"title":"Lo que la Biblia dice acerca de Muhammad","img":"https://islammessage.org/object_image/book/original/551.PNG?1556220005","link":"https://islammessage.org/book_file/551.pdf?1556220005"},{"title":"Guiados","img":"https://islammessage.org/object_image/book/original/550.jpg?1556219581","link":"https://islammessage.org/book_file/550.pdf?1556219581"},{"title":"El Néctar Sellado","img":"https://islammessage.org/object_image/book/original/549.jpg?1556219458","link":"https://islammessage.org/book_file/549.pdf?1556219458"},{"title":"El Islam es la religión de la paz","img":"https://islammessage.org/object_image/book/original/548.PNG?1556219274","link":"https://islammessage.org/book_file/548.pdf?1556219274"},{"title":"Desviados","img":"https://islammessage.org/object_image/book/original/547.jpg?1556219178","link":"https://islammessage.org/book_file/547.pdf?1556219178"},{"title":"Acaso buscas la felicidad","img":"https://islammessage.org/object_image/book/original/546.PNG?1556219070","link":"https://islammessage.org/book_file/546.pdf?1556219070"},{"title":"Dios se hizo hombre","img":"https://islammessage.org/object_image/book/original/504.PNG?1555184168","link":"https://islammessage.org/book_file/504.pdf?1555184168"},{"title":"PORQUE HE ELEGIDO EL ISLAM?","img":"https://islammessage.org/object_image/book/original/98.jpg?1551038280","link":"https://islammessage.org/book_file/98.pdf?1551038280"},{"title":"Has Descubierto Su Verdadera Belleza?","img":"https://islammessage.org/object_image/book/original/68.jpg?1605872178","link":"https://islammessage.org/book_file/68.pdf?1551021914"},{"title":"Una breve guia ilustrada para entender el Islam","img":"https://islammessage.org/object_image/book/original/3.jpg?1551021375","link":"https://islammessage.org/book_file/3.pdf?1550867712"}]},{"name":"Práctica","books":[{"title":"Perspectiva Islámica sobre el Sexo","img":"https://islammessage.org/object_image/book/original/7137.PNG?1689172853","link":"https://islammessage.org/book_file/7137.pdf?1689172853"},{"title":"Sefat Salatul Nabi Spanish (Una breve descripción ilustrada de la oración del Profeta)","img":"https://islammessage.org/object_image/book/original/6684.PNG?1677344547","link":"https://islammessage.org/book_file/6684.pdf?1677344547"},{"title":"120 Jutbas en idioma español","img":"https://islammessage.org/object_image/book/original/6325.PNG?1673038004","link":"https://islammessage.org/book_file/6325.pdf?1673038004"},{"title":"La virtud de la oracón funébre","img":"https://islammessage.org/object_image/book/original/6307.PNG?1672763486","link":"https://islammessage.org/book_file/6307.pdf?1672763486"},{"title":"اسباني vamos a aprender","img":"https://islammessage.org/object_image/book/original/6224.PNG?1670018491","link":"https://islammessage.org/book_file/6224.pdf?1670018491"},{"title":"(la gran copa mundial) – Tu estatus es donde te ubicas","img":"https://islammessage.org/object_image/book/original/5238.PNG?1664026951","link":"https://islammessage.org/book_file/5238.pdf?1664026924"},{"title":"Obras fácil con Grandes Recompensas Conócelas en esta serie","img":"https://islammessage.org/object_image/book/original/4934.PNG?1663801378","link":"https://islammessage.org/book_file/4934.pdf?1663801378"},{"title":"Una breve descripción ilustrada de la oración del Profeta, la Paz y las Bendiciones de Al·lāh sean con él","img":"https://islammessage.org/object_image/book/original/4622.PNG?1662921787","link":"https://islammessage.org/book_file/4622.pdf?1662921787"},{"title":"description de la oracion del Profeta","img":"https://islammessage.org/object_image/book/original/4349.PNG?1662406882","link":"https://islammessage.org/book_file/4349.pdf?1662406881"},{"title":"Descripción de la ablución, el tayammum y el ghusl","img":"https://islammessage.org/object_image/book/original/4344.PNG?1662405700","link":"https://islammessage.org/book_file/4344.pdf?1662405700"},{"title":"Descripción de la ablución, el tayammum y el ghusl","img":"https://islammessage.org/object_image/book/original/4337.PNG?1662308163","link":"https://islammessage.org/book_file/4337.pdf?1662308163"},{"title":"Los atributos con los que Allah creó a las personas","img":"https://islammessage.org/object_image/book/original/4334.PNG?1662307100","link":"https://islammessage.org/book_file/4334.pdf?1662307100"},{"title":"PROVISIÓN DEL AYUNANTE","img":"https://islammessage.org/object_image/book/original/4118.PNG?1642520440","link":"https://islammessage.org/book_file/4118.pdf?1642520440"},{"title":"El musulmán y sus hijos","img":"https://islammessage.org/object_image/book/original/4106.PNG?1641747586","link":"https://islammessage.org/book_file/4106.pdf?1641747586"},{"title":"Sentencias legales sobre el ayuno para la mujer","img":"https://islammessage.org/object_image/book/original/4029.PNG?1638725463","link":"https://islammessage.org/book_file/4029.pdf?1638725463"},{"title":"TU CAMINO HACIA LA VERDAD | Descubre El Islam","img":"https://islammessage.org/object_image/book/original/3706.PNG?1631037293","link":"https://islammessage.org/book_file/3706.pdf?1631037293"},{"title":"Resumen útil para el nuevo musulmán Spanish","img":"https://islammessage.org/object_image/book/original/3685.PNG?1621721587","link":"https://islammessage.org/book_file/3685.pdf?1621721587"},{"title":"Manual Para el Peregrino","img":"https://islammessage.org/object_image/book/original/3378.jpg?1599509274","link":"https://islammessage.org/book_file/3378.pdf?1599509274"},{"title":"Normas islamicas referentes a la salida de sustancias por ambos orificios excretore","img":"https://islammessage.org/object_image/book/original/3288.jpg?1591197484","link":"https://islammessage.org/book_file/3288.pdf?1591197484"},{"title":"LA PUREZA","img":"https://islammessage.org/object_image/book/original/3252.jpg?1589910060","link":"https://islammessage.org/book_file/3252.pdf?1589910060"},{"title":"EL ROMANTICISMO EN EL ISLAM","img":"https://islammessage.org/object_image/book/original/3247.jpg?1589909890","link":"https://islammessage.org/book_file/3247.pdf?1589909890"},{"title":"El Adhán Un grandioso Ilamado para un rito grandioso","img":"https://islammessage.org/object_image/book/original/3157.jpg?1589034870","link":"https://islammessage.org/book_file/3157.pdf?1589034870"},{"title":"El Sistema  moral del Islam","img":"https://islammessage.org/object_image/book/original/3092.jpg?1588182672","link":"https://islammessage.org/book_file/3092.pdf?1588182672"},{"title":"Su guía definitiva sobre COVID-19","img":"https://islammessage.org/object_image/book/original/2933.jpg?1587214645","link":"https://islammessage.org/book_file/2933.pdf?1587214645"},{"title":"Los Diez Días de Dhul Hiyyah","img":"https://islammessage.org/object_image/book/original/2926.jpg?1587141393","link":"https://islammessage.org/book_file/2926.pdf?1587141393"},{"title":"Cómo podemos prepararnos para la llegada de Ramadan ?","img":"https://islammessage.org/object_image/book/original/2924.jpg?1586729473","link":"https://islammessage.org/book_file/2924.pdf?1586729473"},{"title":"Diálogo sereno y reflexivo","img":"https://islammessage.org/object_image/book/original/2922.jpg?1586638692","link":"https://islammessage.org/book_file/2922.pdf?1586638692"},{"title":"Orientación Islámica sobre la Epidemia del Coronavirus","img":"https://islammessage.org/object_image/book/original/2640.jpg?1585859119","link":"https://islammessage.org/book_file/2640.pdf?1585859119"},{"title":"Tesoros Islámicos","img":"https://islammessage.org/object_image/book/original/1750.jpg?1580391091","link":"https://islammessage.org/book_file/1750.pdf?1610444292"},{"title":"Solo la punta del  Iceberg","img":"https://islammessage.org/object_image/book/original/1749.jpg?1580390904","link":"https://islammessage.org/book_file/1749.pdf?1580390904"},{"title":"Un Único Dios, Un Único Mensaje","img":"https://islammessage.org/object_image/book/original/1746.jpg?1580390243","link":"https://islammessage.org/book_file/1746.pdf?1602619920"},{"title":"Las prácticas cotidianas del Profeta (la paz y las bendiciones de Al-lah sean con él)","img":"https://islammessage.org/object_image/book/original/1745.jpg?1580390124","link":"https://islammessage.org/book_file/1745.pdf?1580390124"},{"title":"la fe islamica a simplificada","img":"https://islammessage.org/object_image/book/original/1743.jpg?1580329629","link":"https://islammessage.org/book_file/1743.pdf?1580329629"},{"title":"¿Es esto lo que buscas? Preguntas comunes sobre el Islam y los musulmanes.","img":"https://islammessage.org/object_image/book/original/1741.jpg?1580328973","link":"https://islammessage.org/book_file/1741.pdf?1580328973"},{"title":"Bienvenido al Islam!","img":"https://islammessage.org/object_image/book/original/1737.jpg?1580324153","link":"https://islammessage.org/book_file/1737.pdf?1580324153"},{"title":"ABC DEL ISLAM ","img":"https://islammessage.org/object_image/book/original/1736.jpg?1580323972","link":"https://islammessage.org/book_file/1736.pdf?1580323972"},{"title":"TU DIA EN RAMADAN","img":"https://islammessage.org/object_image/book/original/1734.jpg?1580323502","link":"https://islammessage.org/book_file/1734.pdf?1580323502"},{"title":"Significado del término ‘tafwid’","img":"https://islammessage.org/object_image/book/original/1729.jpg?1580246206","link":"https://islammessage.org/book_file/1729.pdf?1580246206"},{"title":"Revista luz del islam","img":"https://islammessage.org/object_image/book/original/1722.jpg?1579787474","link":"https://islammessage.org/book_file/1722.pdf?1579787474"},{"title":"Preguntas importantes en la vida del musulmán","img":"https://islammessage.org/object_image/book/original/1720.jpg?1579787062","link":"https://islammessage.org/book_file/1720.pdf?1579787062"},{"title":"Nociones de Fiqh para principiantes Volumen I","img":"https://islammessage.org/object_image/book/original/1719.jpg?1579786693","link":"https://islammessage.org/book_file/1719.pdf?1579786693"},{"title":"La fortaleza del musulmán","img":"https://islammessage.org/object_image/book/original/1717.jpg?1579786402","link":"https://islammessage.org/book_file/1717.pdf?1579786402"},{"title":"Los métodos del Profeta para corregir los errores de la gente","img":"https://islammessage.org/object_image/book/original/1715.jpg?1579785600","link":"https://islammessage.org/book_file/1715.pdf?1579785600"},{"title":"Magníficas Reliquias","img":"https://islammessage.org/object_image/book/original/1713.jpg?1579785372","link":"https://islammessage.org/book_file/1713.pdf?1579785372"},{"title":"La enseñanza de la oración","img":"https://islammessage.org/object_image/book/original/1707.jpg?1579731393","link":"https://islammessage.org/book_file/1707.pdf?1579731393"},{"title":"La diferencia entre aconsejar y condenar","img":"https://islammessage.org/object_image/book/original/1706.jpg?1579731137","link":"https://islammessage.org/book_file/1706.pdf?1579731137"},{"title":"LA SERVIDUMBRE EN EL ISLAM","img":"https://islammessage.org/object_image/book/original/1704.jpg?1579730604","link":"https://islammessage.org/book_file/1704.pdf?1579730604"},{"title":"Innovar en la religión es una forma de extraviarse","img":"https://islammessage.org/object_image/book/original/1701.jpg?1579729542","link":"https://islammessage.org/book_file/1701.pdf?1579729542"},{"title":"Historias do litio lias Noches Corán","img":"https://islammessage.org/object_image/book/original/1700.jpg?1579729288","link":"https://islammessage.org/book_file/1700.pdf?1579729288"},{"title":"¿GUIADOS? El Islam ¿La culminación de la Revelación?","img":"https://islammessage.org/object_image/book/original/1696.jpg?1579553825","link":"https://islammessage.org/book_file/1696.pdf?1579553825"},{"title":"Cuarenta Encuentros con el Amado Profeta ","img":"https://islammessage.org/object_image/book/original/1693.jpg?1579553582","link":"https://islammessage.org/book_file/1693.pdf?1579553582"},{"title":"El Fiqh Hecho Fácil","img":"https://islammessage.org/object_image/book/original/1692.jpg?1579553441","link":"https://islammessage.org/book_file/1692.pdf?1579553441"},{"title":"400 preguntas y respuestas sobre el ayuno de Ramadán","img":"https://islammessage.org/object_image/book/original/1690.jpg?1579538940","link":"https://islammessage.org/book_file/1690.pdf?1579538940"},{"title":"Equilibrio_e_integridad_en_la_vida_del_musulman","img":"https://islammessage.org/object_image/book/original/1687.jpg?1579538352","link":"https://islammessage.org/book_file/1687.pdf?1579538352"},{"title":"La recomendación de seguir la Sunnah, la prevención de la innovación y la evidencia de su peligrosidad","img":"https://islammessage.org/object_image/book/original/1686.jpg?1579538202","link":"https://islammessage.org/book_file/1686.pdf?1579538202"},{"title":"El respeto","img":"https://islammessage.org/object_image/book/original/1684.jpg?1579537968","link":"https://islammessage.org/book_file/1684.pdf?1579537968"},{"title":"El Hayy un pilar del Islam EL LIBRO DEL HAYY (PEREGRINACIÓN)","img":"https://islammessage.org/object_image/book/original/1681.jpg?1579537481","link":"https://islammessage.org/book_file/1681.pdf?1579537481"},{"title":"Efectos de la adoración en la vida del musulmán","img":"https://islammessage.org/object_image/book/original/1678.jpg?1579536832","link":"https://islammessage.org/book_file/1678.pdf?1579536832"},{"title":"Diccionario de Almadrasa Español Árabe","img":"https://islammessage.org/object_image/book/original/1675.jpg?1579536480","link":"https://islammessage.org/book_file/1675.pdf?1579536480"},{"title":"Cuarenta consejos para el hogar musulmán","img":"https://islammessage.org/object_image/book/original/1674.jpg?1579536161","link":"https://islammessage.org/book_file/1674.pdf?1579536161"},{"title":"Perlas y Corales","img":"https://islammessage.org/object_image/book/original/1663.jpg?1579529694","link":"https://islammessage.org/book_file/1663.pdf?1579529694"},{"title":"Compendio de Derecho Islámico","img":"https://islammessage.org/object_image/book/original/1662.jpg?1579529577","link":"https://islammessage.org/book_file/1662.pdf?1579529577"},{"title":"Advertencia contra las innovaciones","img":"https://islammessage.org/object_image/book/original/1660.jpg?1579527932","link":"https://islammessage.org/book_file/1660.pdf?1579527932"},{"title":"la oración es el oxígeno de la vida","img":"https://islammessage.org/object_image/book/original/957.jpg?1566145762","link":"https://islammessage.org/book_file/957.pdf?1565982472"},{"title":"Guía para el nuevo musulmán","img":"https://islammessage.org/object_image/book/original/956.jpg?1566146595","link":"https://islammessage.org/book_file/956.pdf?1565982354"},{"title":"La oracion islamica","img":"https://islammessage.org/object_image/book/original/909.jpg?1562481793","link":"https://islammessage.org/book_file/909.pdf?1562481793"},{"title":"LAS TRADICIONES DIARIAS Y LAS SUPLICACIONES DEL PROFETA","img":"https://islammessage.org/object_image/book/original/897.jpg?1557841350","link":"https://islammessage.org/book_file/897.pdf?1557841350"},{"title":"الطريقة النورانية لتعليم اللغة العربية Manera de Al Nourania para enseñar el idioma árabe","img":"https://islammessage.org/object_image/book/original/894.PNG?1557788982","link":"https://islammessage.org/book_file/894.pdf?1557788982"},{"title":"Tu die en ramadan ","img":"https://islammessage.org/object_image/book/original/882.PNG?1557245778","link":"https://islammessage.org/book_file/882.pdf?1557245778"},{"title":" La mejor guía ","img":"https://islammessage.org/object_image/book/original/881.jpg?1557236204","link":"https://islammessage.org/book_file/881.pdf?1557236204"},{"title":"recompensa por buenas acciones en el islam","img":"https://islammessage.org/object_image/book/original/880.PNG?1557236045","link":"https://islammessage.org/book_file/880.pdf?1557236045"},{"title":"Adorando ALLAH ","img":"https://islammessage.org/object_image/book/original/870.PNG?1557232722","link":"https://islammessage.org/book_file/870.pdf?1557232722"},{"title":"Nuestra Moral al seguir el Camino del Profeta","img":"https://islammessage.org/object_image/book/original/868.PNG?1557232243","link":"https://islammessage.org/book_file/868.pdf?1557232243"},{"title":"QUIÉNES SON LOS CHIITAS DUODECIMANOS","img":"https://islammessage.org/object_image/book/original/598.PNG?1556306216","link":"https://islammessage.org/book_file/598.pdf?1556306216"},{"title":"Soy un Musulmán","img":"https://islammessage.org/object_image/book/original/576.PNG?1556299880","link":"https://islammessage.org/book_file/576.pdf?1556299864"},{"title":"Pautas para la crianza de los niños","img":"https://islammessage.org/object_image/book/original/575.PNG?1556299572","link":"https://islammessage.org/book_file/575.pdf?1556299572"},{"title":"Mil Sunnas, en el día y la noche","img":"https://islammessage.org/object_image/book/original/574.PNG?1556299287","link":"https://islammessage.org/book_file/574.pdf?1556299287"},{"title":"Manual para el Nuevo Musulmán","img":"https://islammessage.org/object_image/book/original/573.PNG?1556299115","link":"https://islammessage.org/book_file/573.pdf?1556299115"},{"title":"Hisnul-Mu\u0026#39;min “El Refugio del Creyente”","img":"https://islammessage.org/object_image/book/original/566.PNG?1556222864","link":"https://islammessage.org/book_file/566.pdf?1556222864"},{"title":"Gente de la Sunnah sean bondadosos entre ustedes","img":"https://islammessage.org/object_image/book/original/565.PNG?1556222710","link":"https://islammessage.org/book_file/565.pdf?1556222710"},{"title":"Fundamentos Islámicos para un matrimonio feliz","img":"https://islammessage.org/object_image/book/original/564.PNG?1556222620","link":"https://islammessage.org/book_file/564.pdf?1556222620"},{"title":"Estudios sobre monoteísmo (Tauhid)","img":"https://islammessage.org/object_image/book/original/563.PNG?1556222062","link":"https://islammessage.org/book_file/563.pdf?1556222062"},{"title":"El ayuno en el Islam","img":"https://islammessage.org/object_image/book/original/562.PNG?1556221857","link":"https://islammessage.org/book_file/562.pdf?1556221857"},{"title":"Deseo arrepentirme, pero","img":"https://islammessage.org/object_image/book/original/561.PNG?1556221708","link":"https://islammessage.org/book_file/561.pdf?1556221708"},{"title":"Derecho Islámico - Capítulo sobre el Zakat","img":"https://islammessage.org/object_image/book/original/560.PNG?1556221558","link":"https://islammessage.org/book_file/560.pdf?1556221558"},{"title":"Dando Verdadero Testimonio","img":"https://islammessage.org/object_image/book/original/559.PNG?1556221412","link":"https://islammessage.org/book_file/559.pdf?1556221412"},{"title":"Confiar en Dios","img":"https://islammessage.org/object_image/book/original/558.PNG?1556221318","link":"https://islammessage.org/book_file/558.pdf?1556221318"},{"title":"Cómo superar la ansiedad y la angustia","img":"https://islammessage.org/object_image/book/original/557.PNG?1556220980","link":"https://islammessage.org/book_file/557.pdf?1556220980"},{"title":"DIALOGO ENTRE UN PROFESOR ATEO Y UN ESTUDIANTE MUSULMAN","img":"https://islammessage.org/object_image/book/original/509.PNG?1556049404","link":"https://islammessage.org/book_file/509.pdf?1556049404"},{"title":"Cómo se realiza el Hayy y la ‘Umrah","img":"https://islammessage.org/object_image/book/original/369.PNG?1552046996","link":"https://islammessage.org/book_file/369.pdf?1552046996"},{"title":"Cómo rezar acorde a la Sunnah del Profeta Muhammad","img":"https://islammessage.org/object_image/book/original/368.PNG?1552046816","link":"https://islammessage.org/book_file/368.pdf?1552046816"},{"title":"100 maneras de poder apoyar a nuestro Profeta Muhámmad","img":"https://islammessage.org/object_image/book/original/366.PNG?1552046451","link":"https://islammessage.org/book_file/366.pdf?1552046451"},{"title":"33 formas de desarrollar la concentración durante la oración","img":"https://islammessage.org/object_image/book/original/365.PNG?1552046196","link":"https://islammessage.org/book_file/365.pdf?1552046196"},{"title":"25+ Ahadiz sobre los beneficios del viernes","img":"https://islammessage.org/object_image/book/original/363.PNG?1552036833","link":"https://islammessage.org/book_file/363.pdf?1552036833"},{"title":"La Pureza","img":"https://islammessage.org/object_image/book/original/156.jpg?1551122910","link":"https://islammessage.org/book_file/156.pdf?1551122910"},{"title":"CÓMO ABRAZAR EL ISLAM?","img":"https://islammessage.org/object_image/book/original/62.jpg?1551019486","link":"https://islammessage.org/book_file/62.pdf?1551018346"}]},{"name":"Profetas","books":[{"title":"El Profeta del Islam, Muhammad, la paz y las bendiciones de Allah sean con él","img":"https://islammessage.org/object_image/book/original/6223.PNG?1669928957","link":"https://islammessage.org/book_file/6223.pdf?1669928957"},{"title":"LAS DOS TESTIFICACIONES (NO HAY MÁS DIOS QUE AL·LÂH(1) Y MOHAMMAD(SAAWS) 2, SU MENSAJERO), SON EL LLAMAMIENTO DE MOISÉS, JESÚS Y MOHAMMAD (LOS REZOS Y LA PAZ DE AL·LÂH SEAN SOBRE ELLOS)","img":"https://islammessage.org/object_image/book/original/5477.PNG?1664626228","link":"https://islammessage.org/book_file/5477.pdf?1664626228"},{"title":"Enciclopedia de los hadices traducidos del profeta 5","img":"https://islammessage.org/object_image/book/original/4204.PNG?1650895557","link":"https://islammessage.org/book_file/4204.pdf?1650895557"},{"title":"Enciclopedia de los hadices traducidos del profeta 4","img":"https://islammessage.org/object_image/book/original/4203.PNG?1650895477","link":"https://islammessage.org/book_file/4203.pdf?1650895477"},{"title":"Enciclopedia de los hadices traducidos del profeta 3","img":"https://islammessage.org/object_image/book/original/4202.PNG?1650895344","link":"https://islammessage.org/book_file/4202.pdf?1650895344"},{"title":"Enciclopedia de los hadices traducidos del profeta 2","img":"https://islammessage.org/object_image/book/original/4201.PNG?1650895265","link":"https://islammessage.org/book_file/4201.pdf?1650895265"},{"title":"Enciclopedia de los hadices traducidos del profeta 1","img":"https://islammessage.org/object_image/book/original/4200.PNG?1650895162","link":"https://islammessage.org/book_file/4200.pdf?1650895162"},{"title":"Historias del Coran para ninos","img":"https://islammessage.org/object_image/book/original/4077.PNG?1640013535","link":"https://islammessage.org/book_file/4077.pdf?1640013535"},{"title":"Las Enseñanzas de Muhammad Concerniente a la devoción, relaciones y modales Treinta ejemplos de la vida del Profeta","img":"https://islammessage.org/object_image/book/original/4027.PNG?1638725126","link":"https://islammessage.org/book_file/4027.pdf?1638725126"},{"title":"Muhammad su vida basada en las fuentes más antiguas","img":"https://islammessage.org/object_image/book/original/4026.PNG?1638724957","link":"https://islammessage.org/book_file/4026.pdf?1638724957"},{"title":"JESÚS EN ELISLAM Versión infantil","img":"https://islammessage.org/object_image/book/original/3535.PNG?1611754483","link":"https://islammessage.org/book_file/3535.pdf?1611754483"},{"title":"Ejemplos del trato del Profeta elegido, tal y como se mencionan en los dos Sahih","img":"https://islammessage.org/object_image/book/original/3381.jpg?1599509471","link":"https://islammessage.org/book_file/3381.pdf?1599509471"},{"title":"MUHAMMAD EL MENSAJERO DE DIOS LA PAZ Y LAS BENDICIONES DE DIOS SEAN CON ÉL","img":"https://islammessage.org/object_image/book/original/3243.jpg?1589909761","link":"https://islammessage.org/book_file/3243.pdf?1589909761"},{"title":"Muhammad Evidencias, pruebas, milagros Este Gran Profeta es realmente el Mensajero Dios y señales universales","img":"https://islammessage.org/object_image/book/original/3207.jpg?1589892115","link":"https://islammessage.org/book_file/3207.pdf?1589892115"},{"title":"Has Descubierto La Verdad Sobre Él ?","img":"https://islammessage.org/object_image/book/original/2415.jpg?1605872095","link":"https://islammessage.org/book_file/2415.pdf?1585482095"},{"title":"Es solo la punta del Iceberg","img":"https://islammessage.org/object_image/book/original/2413.jpg?1585481923","link":"https://islammessage.org/book_file/2413.pdf?1585481923"},{"title":"La Religion de Adan","img":"https://islammessage.org/object_image/book/original/2412.jpg?1585481849","link":"https://islammessage.org/book_file/2412.pdf?1585481849"},{"title":"Introducción a las Profecías de la Biblia","img":"https://islammessage.org/object_image/book/original/1952.jpg?1581625291","link":"https://islammessage.org/book_file/1952.pdf?1581625291"},{"title":"El Verdadero Mensaje de Jesucristo","img":"https://islammessage.org/object_image/book/original/1948.jpg?1581624853","link":"https://islammessage.org/book_file/1948.pdf?1581624853"},{"title":"Religion de Adaan y Eva","img":"https://islammessage.org/object_image/book/original/1748.jpg?1580390621","link":"https://islammessage.org/book_file/1748.pdf?1598382625"},{"title":"Las brisas de afición y de lealtad En la relación De la gente de la casa profética con Los tres califas","img":"https://islammessage.org/object_image/book/original/1744.jpg?1580389886","link":"https://islammessage.org/book_file/1744.pdf?1580389886"},{"title":"Familia del profeta y los companeros","img":"https://islammessage.org/object_image/book/original/1742.jpg?1580329220","link":"https://islammessage.org/book_file/1742.pdf?1580329220"},{"title":"LO QUE LA BIBLIA DICE ACERCA DE MUHAMMAD","img":"https://islammessage.org/object_image/book/original/1732.jpg?1580322721","link":"https://islammessage.org/book_file/1732.pdf?1580322721"},{"title":"Quién es Muhammad, el Mensajero de Allah?","img":"https://islammessage.org/object_image/book/original/1721.jpg?1606479602","link":"https://islammessage.org/book_file/1721.pdf?1579787157"},{"title":"Los Atributos del Profeta Muhámmad Jesús presenta a su hermano Muhámmad A la humanidad","img":"https://islammessage.org/object_image/book/original/1712.jpg?1579732803","link":"https://islammessage.org/book_file/1712.pdf?1579732803"},{"title":"La Biografía de Muhammad","img":"https://islammessage.org/object_image/book/original/1705.jpg?1579730906","link":"https://islammessage.org/book_file/1705.pdf?1579730906"},{"title":"Serie “los Compañeros del Profeta” Abu Dharr Al Gifari \u0026amp; Luchando por la Igualdad","img":"https://islammessage.org/object_image/book/original/1659.jpg?1579527818","link":"https://islammessage.org/book_file/1659.pdf?1579527818"},{"title":"El Verdadero Mensaje de Jesus","img":"https://islammessage.org/object_image/book/original/1056.jpg?1569237695","link":"https://islammessage.org/book_file/1056.pdf?1569237695"},{"title":"ISLAM Un Libro Complementario","img":"https://islammessage.org/object_image/book/original/908.jpg?1562253542","link":"https://islammessage.org/book_file/908.pdf?1562253542"},{"title":"Quiénes son los chiítas y cómo no siguen la fe del profeta Muhammad ? 3","img":"https://islammessage.org/object_image/book/original/905.jpg?1577524763","link":"https://islammessage.org/book_file/905.pdf?1560864973"},{"title":"Ética y los Valores en la La Importancia de la Doctor. Rageb Al-Siryani Civilización Islámica","img":"https://islammessage.org/object_image/book/original/877.PNG?1557234760","link":"https://islammessage.org/book_file/877.pdf?1557234760"},{"title":"la profita promitido en la biblia ","img":"https://islammessage.org/object_image/book/original/876.PNG?1557234393","link":"https://islammessage.org/book_file/876.pdf?1557234393"},{"title":"¿Por qué estudiamos la biografía del Profeta?","img":"https://islammessage.org/object_image/book/original/869.PNG?1557232531","link":"https://islammessage.org/book_file/869.pdf?1557232531"},{"title":"Muhammad El Mensajero de Dios","img":"https://islammessage.org/object_image/book/original/596.PNG?1556306087","link":"https://islammessage.org/book_file/596.pdf?1556306087"},{"title":"María en el Islam","img":"https://islammessage.org/object_image/book/original/595.jpg?1556306018","link":"https://islammessage.org/book_file/595.pdf?1556306018"},{"title":"Los Atributos del Profeta Muhámmad","img":"https://islammessage.org/object_image/book/original/594.PNG?1556305953","link":"https://islammessage.org/book_file/594.pdf?1556305953"},{"title":"La vida de Abu Bakr, que Allah s complazca de él","img":"https://islammessage.org/object_image/book/original/593.PNG?1556305877","link":"https://islammessage.org/book_file/593.pdf?1556305877"},{"title":"La verdad acerca de Jesús","img":"https://islammessage.org/object_image/book/original/592.PNG?1556305784","link":"https://islammessage.org/book_file/592.pdf?1556305784"},{"title":"La personalidad del Profeta","img":"https://islammessage.org/object_image/book/original/591.PNG?1556302618","link":"https://islammessage.org/book_file/591.pdf?1556302618"},{"title":"La historia del Profeta Moisés","img":"https://islammessage.org/object_image/book/original/590.PNG?1556302505","link":"https://islammessage.org/book_file/590.pdf?1556302505"},{"title":"La historia del Profeta José","img":"https://islammessage.org/object_image/book/original/589.PNG?1556302343","link":"https://islammessage.org/book_file/589.pdf?1556302343"},{"title":"La Historia de Jesús y María en el Sagrado Corán","img":"https://islammessage.org/object_image/book/original/588.jpg?1556302252","link":"https://islammessage.org/book_file/588.pdf?1556302252"},{"title":"Jesús, hijo de María","img":"https://islammessage.org/object_image/book/original/587.jpg?1556302194","link":"https://islammessage.org/book_file/587.pdf?1556302194"},{"title":"Jesús es Musulmán","img":"https://islammessage.org/object_image/book/original/586.PNG?1556302142","link":"https://islammessage.org/book_file/586.pdf?1556302142"},{"title":"Jesús es Dios","img":"https://islammessage.org/object_image/book/original/585.PNG?1556302056","link":"https://islammessage.org/book_file/585.pdf?1556302056"},{"title":"Historias de los Compañeros del Profeta","img":"https://islammessage.org/object_image/book/original/584.PNG?1556302003","link":"https://islammessage.org/book_file/584.pdf?1556302003"},{"title":"Historias de los califas rectos","img":"https://islammessage.org/object_image/book/original/583.PNG?1556301946","link":"https://islammessage.org/book_file/583.pdf?1556301946"},{"title":"ES JESÚS DIOS LA BIBLIA DICE ¡NO!","img":"https://islammessage.org/object_image/book/original/582.PNG?1556301888","link":"https://islammessage.org/book_file/582.pdf?1556301888"},{"title":"El Viaje Nocturno y la Ascensión","img":"https://islammessage.org/object_image/book/original/581.PNG?1556301826","link":"https://islammessage.org/book_file/581.pdf?1556301826"},{"title":"El Verdadero Mensaje de Jesucristo","img":"https://islammessage.org/object_image/book/original/580.PNG?1556301756","link":"https://islammessage.org/book_file/580.pdf?1556301756"},{"title":"El trato del Profeta, la paz sea con él, con los no musulmanes","img":"https://islammessage.org/object_image/book/original/579.jpg?1556300067","link":"https://islammessage.org/book_file/579.pdf?1556300067"},{"title":"El trato del Profeta Muhammad a los niños","img":"https://islammessage.org/object_image/book/original/578.jpg?1556300018","link":"https://islammessage.org/book_file/578.pdf?1556300018"},{"title":"Mi gran amor por Jesús me condujo al Islam","img":"https://islammessage.org/object_image/book/original/553.PNG?1556220408","link":"https://islammessage.org/book_file/553.pdf?1556220408"},{"title":"El retorno de Jesús","img":"https://islammessage.org/object_image/book/original/505.PNG?1555184259","link":"https://islammessage.org/book_file/505.pdf?1555184259"},{"title":"Creemos en Jesús","img":"https://islammessage.org/object_image/book/original/501.PNG?1555183362","link":"https://islammessage.org/book_file/501.pdf?1555183362"},{"title":"El Profeta, la paz sea con el, y la misericordia con los animales","img":"https://islammessage.org/object_image/book/original/373.PNG?1552047804","link":"https://islammessage.org/book_file/373.pdf?1552047804"},{"title":"El Profeta como marido","img":"https://islammessage.org/object_image/book/original/372.PNG?1552047463","link":"https://islammessage.org/book_file/372.pdf?1552047463"},{"title":"De los derechos del Profeta (que Allah le Bendiga y le dé Paz) sobre su Umma o comunidad","img":"https://islammessage.org/object_image/book/original/371.PNG?1552047207","link":"https://islammessage.org/book_file/371.pdf?1552047207"},{"title":"Aspectos de la Misericordia hacia los Seres Humanos del Profeta Mujámmad","img":"https://islammessage.org/object_image/book/original/370.PNG?1552047141","link":"https://islammessage.org/book_file/370.pdf?1552047141"},{"title":"JESÚS (CON ÉL SEA LA PAZ) EN EL CORÁN","img":"https://islammessage.org/object_image/book/original/145.jpg?1551121012","link":"https://islammessage.org/book_file/145.pdf?1551121012"},{"title":"Muhammad El Mensajero de Dios","img":"https://islammessage.org/object_image/book/original/40.jpg?1551021208","link":"https://islammessage.org/book_file/40.pdf?1550956778"}]},{"name":"Sunnah","books":[{"title":"TESOROS DE AL-BUKHARI","img":"https://islammessage.org/object_image/book/original/6209.PNG?1669420821","link":"https://islammessage.org/book_file/6209.pdf?1669420821"},{"title":"EL JARDÍN DE LOS JUSTOS","img":"https://islammessage.org/object_image/book/original/3768.jpeg?1638475618","link":"https://islammessage.org/book_file/3768.pdf?1636744332"},{"title":"Plegarias y alabanzas auténticas a Al-lah","img":"https://islammessage.org/object_image/book/original/3634.PNG?1617730973","link":"https://islammessage.org/book_file/3634.pdf?1617730973"},{"title":"Yauami‘ Al Kalim “Dichos proféticos concisos y llenos de sentido”","img":"https://islammessage.org/object_image/book/original/3468.jpg?1607458793","link":"https://islammessage.org/book_file/3468.pdf?1607366906"},{"title":"Súplicas en el Corán","img":"https://islammessage.org/object_image/book/original/3453.jpg?1605211700","link":"https://islammessage.org/book_file/3453.pdf?1605210914"},{"title":"Obras fácil con Grandes Recompensas Comprobado en la Sunnah","img":"https://islammessage.org/object_image/book/original/3449.jpg?1605127828","link":"https://islammessage.org/book_file/3449.pdf?1605047072"},{"title":"1000 Sunnah por Día y Noche","img":"https://islammessage.org/object_image/book/original/3377.jpg?1607524049","link":"https://islammessage.org/book_file/3377.pdf?1599509225"},{"title":"Súplicas E INTRODUCCION A TEMAS GENERALES PARA LA VIDA DIARIA PARA NIÑOS Y ADOLESCENTES MUSULMANES","img":"https://islammessage.org/object_image/book/original/3296.jpg?1591263992","link":"https://islammessage.org/book_file/3296.pdf?1591263992"},{"title":"AL AQIDAH AT TAHAWIYA","img":"https://islammessage.org/object_image/book/original/3283.jpg?1591017936","link":"https://islammessage.org/book_file/3283.pdf?1591017936"},{"title":"HISNUL-MU’MIN “EL REFUGIO DEL CREYENTE”","img":"https://islammessage.org/object_image/book/original/3253.jpg?1589910098","link":"https://islammessage.org/book_file/3253.pdf?1589910098"},{"title":"Plegarias y  alabanzas auténticas a Al-lah","img":"https://islammessage.org/object_image/book/original/3096.jpg?1588363660","link":"https://islammessage.org/book_file/3096.pdf?1588363660"},{"title":" SÚPLICAS DIARIAS DEL MUSULMÁN","img":"https://islammessage.org/object_image/book/original/2918.jpg?1586634323","link":"https://islammessage.org/book_file/2918.pdf?1586634323"},{"title":"Sahîh Al-Bujârî","img":"https://islammessage.org/object_image/book/original/1725.jpg?1579789830","link":"https://islammessage.org/book_file/1725.pdf?1579789830"},{"title":"Sahih Al-Kalim At-Taib","img":"https://islammessage.org/object_image/book/original/1724.jpg?1579789644","link":"https://islammessage.org/book_file/1724.pdf?1579789644"},{"title":"AL-MUWATTA IMAM MALIIK","img":"https://islammessage.org/object_image/book/original/1718.jpg?1579786575","link":"https://islammessage.org/book_file/1718.pdf?1579786575"},{"title":"Lo_mas_granado_de_los_Jardines_de_los_Justos_de_grande","img":"https://islammessage.org/object_image/book/original/1711.jpg?1579732735","link":"https://islammessage.org/book_file/1711.pdf?1579732735"},{"title":"LA SUNNAH AUTÉNTICA ES REVELACIÓN DE ALLAH Y ESTÁ PROTEGIDA","img":"https://islammessage.org/object_image/book/original/1709.jpg?1579732154","link":"https://islammessage.org/book_file/1709.pdf?1579732154"},{"title":"La importancia de la Sunnah en el Islam","img":"https://islammessage.org/object_image/book/original/1708.jpg?1579731827","link":"https://islammessage.org/book_file/1708.pdf?1579731827"},{"title":"100 Hadices sobre islam ","img":"https://islammessage.org/object_image/book/original/1658.jpg?1579527695","link":"https://islammessage.org/book_file/1658.pdf?1579527695"},{"title":"Sahih Muslim ","img":"https://islammessage.org/object_image/book/original/540.PNG?1556215063","link":"https://islammessage.org/book_file/540.pdf?1556215063"},{"title":"Los Jardines de los Justos","img":"https://islammessage.org/object_image/book/original/539.PNG?1556214141","link":"https://islammessage.org/book_file/539.pdf?1556214141"},{"title":"Ramadán","img":"https://islammessage.org/object_image/book/original/532.PNG?1556213255","link":"https://islammessage.org/book_file/532.pdf?1556213255"},{"title":"La evolución de la Jurisprudencia Islámica","img":"https://islammessage.org/object_image/book/original/524.PNG?1556210602","link":"https://islammessage.org/book_file/524.pdf?1556210602"},{"title":"Los Cuarenta Hadices","img":"https://islammessage.org/object_image/book/original/376.PNG?1552049377","link":"https://islammessage.org/book_file/376.pdf?1552049377"},{"title":"120 Jutbas en idioma español","img":"https://islammessage.org/object_image/book/original/375.PNG?1552049289","link":"https://islammessage.org/book_file/375.pdf?1552049289"},{"title":"110 Hadices Qudsis","img":"https://islammessage.org/object_image/book/original/374.PNG?1552047924","link":"https://islammessage.org/book_file/374.pdf?1552047924"},{"title":"Hisnul-Mu\u0026#39;min “El Refugio del Creyente”","img":"https://islammessage.org/object_image/book/original/161.jpg?1551126733","link":"https://islammessage.org/book_file/161.pdf?1551126733"}]},{"name":"Mujer en el islam","books":[{"title":"La posición de la mujer en el Islam","img":"https://islammessage.org/object_image/book/original/7291.PNG?1695315699","link":"https://islammessage.org/book_file/7291.pdf?1695315699"},{"title":"PERSPECTIVA ISLÁMICA SOBRE EL SEXO","img":"https://islammessage.org/object_image/book/original/3248.jpg?1589909938","link":"https://islammessage.org/book_file/3248.pdf?1589909938"},{"title":"LA MUJER EN EL ISLAM REFUTANDO LOS PREJUICIOS MÁS COMUNES","img":"https://islammessage.org/object_image/book/original/3245.jpg?1589909866","link":"https://islammessage.org/book_file/3245.pdf?1589909866"},{"title":"“Cómo ganarte el corazón de tu esposa.”","img":"https://islammessage.org/object_image/book/original/2992.jpg?1587243736","link":"https://islammessage.org/book_file/2992.pdf?1587243736"},{"title":"EL NÉCTAR SELLADO","img":"https://islammessage.org/object_image/book/original/1955.jpg?1581625978","link":"https://islammessage.org/book_file/1955.pdf?1581625978"},{"title":"Como ganarte el corazon de tu esposa","img":"https://islammessage.org/object_image/book/original/1738.jpg?1580324318","link":"https://islammessage.org/book_file/1738.pdf?1580324318"},{"title":"Sentencias legales sobre el ayuno para la mujer","img":"https://islammessage.org/object_image/book/original/1726.jpg?1579790236","link":"https://islammessage.org/book_file/1726.pdf?1579790236"},{"title":"Matrimonio Feliz","img":"https://islammessage.org/object_image/book/original/1714.jpg?1579785523","link":"https://islammessage.org/book_file/1714.pdf?1579785523"},{"title":"Elevación del estatus de la mujer en el Islam","img":"https://islammessage.org/object_image/book/original/1685.jpg?1579538082","link":"https://islammessage.org/book_file/1685.pdf?1579538082"},{"title":"Revelando el misterio del Jiyab","img":"https://islammessage.org/object_image/book/original/538.PNG?1556213859","link":"https://islammessage.org/book_file/538.pdf?1556213859"},{"title":"PERSPECTIVA ISLÁMICA SOBRE EL SEXO","img":"https://islammessage.org/object_image/book/original/537.PNG?1556213735","link":"https://islammessage.org/book_file/537.pdf?1556213735"},{"title":"La mujer en la vida de Muhammad (La paz sea con él)","img":"https://islammessage.org/object_image/book/original/536.png?1556213639","link":"https://islammessage.org/book_file/536.pdf?1556213639"},{"title":"La mujer en el Islam y en el Judeocristianismo","img":"https://islammessage.org/object_image/book/original/535.PNG?1556213575","link":"https://islammessage.org/book_file/535.pdf?1556213575"},{"title":"La mujer en el Islam refutando los prejuicios más comunes","img":"https://islammessage.org/object_image/book/original/379.PNG?1552049677","link":"https://islammessage.org/book_file/379.pdf?1552049677"},{"title":"Jilbab de la mujer musulmana","img":"https://islammessage.org/object_image/book/original/378.PNG?1552049607","link":"https://islammessage.org/book_file/378.pdf?1552049607"},{"title":"EL ROMANTICISMO EN EL ISLAM","img":"https://islammessage.org/object_image/book/original/377.PNG?1552049500","link":"https://islammessage.org/book_file/377.pdf?1552049500"},{"title":"El Profeta como marido","img":"https://islammessage.org/object_image/book/original/135.jpg?1551119746","link":"https://islammessage.org/book_file/135.pdf?1551119746"},{"title":"La mujer en el Islam y en el Judeocristianismo","img":"https://islammessage.org/object_image/book/original/47.jpg?1551019899","link":"https://islammessage.org/book_file/47.pdf?1550957682"}]}]}}