{
  "islam-guide-1": {
    "Chapter-01": [
      {
        "Title": "(1) Los milagros científicos en el Sagrado Corán",
        "Paragraphs": "Dios respaldó a Su último profeta Muhammad , con muchos milagros y muchas evidencias que prueban que él es un verdadero profeta enviado por Dios. Así también respaldó a Su último libro revelado, el Corán, con muchos milagros que prueban que el Corán es la literal palabra de Dios, revelada por Él, y que no fue escrito por ningún ser humano, este capítulo analiza esa evidencia.El Corán es la palabra literal de Dios, que Él reveló a Su profeta Muhammad , a través del Arcángel Gabriel.  El Sagrado CoránEl Corán fue memorizado por Muhammad , quien luego, lo dictó a sus compañeros. Ellos a su vez lo memorizaron, lo escribieron y lo repasaron con el Profeta . Más aún, El Profeta repasaba el Corán con el Arcángel Gabriel, una vez cada año, y dos veces el último año de su vida. Desde que fuera revelado hasta nuestros días, siempre ha habido una gran cantidad de musulmanes que han memorizado el Corán letra por letra. Algunos de ellos han sido capaces de memorizar todo el Corán a la edad de 10 años. Ni una letra del Corán ha sido cambiada en el transcurso de todos estos siglos.El Corán que fuera revelado catorce siglos atrás, menciona hechos científicos, recientemente descubiertos o comprobados por los científicos. Esto prueba sin duda que el Corán debe ser la literal palabra de Dios y que el Corán no fue escrito por Muhammad  o por ningún otro ser humano. Esto también prueba que Muhammad  es verdaderamente un profeta de Dios. Esta más allá de la razón que alguien haya tenido conocimiento, 1400 años atrás, de estas verdades científicas descubiertas o probadas tan solo recientemente con maquinarias avanzadas y métodos científicos sofisticados. Mencionaremos algunos ejemplos a continuación."
      },
      {
        "Title": "(2) El Gran Desafío: El de producir un capítulo igual a cualquiera de los capítulos del Sagrado Corán",
        "Paragraphs": "Dios dice en el Corán:Y si tenéis alguna duda sobre lo que hemos revelado a Nuestro siervo, venid vosotros con una sura igual; y si decís la verdad, llamad a esos testigos que tenéis en ves de Allah. Mas si no lo hacéis, que no lo haréis, temed al fuego cuyo combustible son los hombres y las piedras, preparado para los incrédulos. Y dales la buena noticia a los que creen y practican las acciones de bien, de que tendrán jardines por cuyo suelo correrán los ríos....Desde que el Corán fuera revelado, hace catorce siglos, hasta hoy, nadie ha sido capaz de producir un solo capítulo igual a los del Corán en su belleza, elocuencia, esplendor, sabia legislación, información verdadera, profecías verdaderas y otros atributos perfectos del Corán. Nótese también que el más pequeño capítulo del Corán (Capítulo 108) tiene tan solo diez palabras, aún así, nadie ha sido capaz de vencer el desafío, en aquel entonces o hoy.1  Algunos de los árabes incrédulos que eran enemigos del profeta Muhammad  trataron de vencer el desafío para probar que Muhammad  no era un verdadero profeta, pero fallaron en su intento.2  Esto a pesar de que el Corán fue revelado en su propio idioma y dialecto, y de que los árabes en la época de Muhammad  eran gente muy elocuente que solían componer maravillosas y excelentes poesías, todavía leídas y apreciadas aún en nuestros días.El más pequeño capítulo del Corán (Capítulo 108) tiene tan solo diez palabras, aún así, nadie ha sido capaz de vencer el desafío de producir un capítulo igual a cualquiera de los capítulos del Sagrado Corán.}"
      },
      {
        "Title": "(3) Profecías bíblicas sobre el advenimiento de Muhammad , el profeta del Islam",
        "Paragraphs": "Las profecías bíblicas sobre el advenimiento del profeta Muhammad  son evidencia de la verdad del Islam para las personas que creen en la misma.En Deuteronomio 18,Moisés afirmo que Dios le dijo:\"Profeta les levantaré de en medio de sus hermanos, como tú; y pondré mis palabras en su boca, y él les hablará todo lo que yo le mandare. Mas a cualquiera que no oyere mis palabras que él hablare en mi nombre, yo le pediré cuenta.\"1Concluimos de estos versos que el profeta ha ser mandado por Dios debe reunir las siguientes tres características:1)  Él será como Moisés.2)  Él será de entre los hermanos de los israelitas; o sea los ismaelitas.3)  Que Dios pondrá Sus palabras en la boca de este profeta y que éste declarará lo que Dios le ordene.Examinemos las tres características más a fondo:1)  Un profeta igual a Moisés:Difícilmente han existido dos profetas que hayan sido tan parecidos como Moisés y Muhammad . Ambos recibieron una ley comprensible y un código de vida. Ambos se enfrentaron a sus enemigos y obtuvieron la victoria sobre ellos de una forma milagrosa. Ambos fueron aceptados como profetas y hombres de estado. Ambos emigraron a consecuencia de conspiraciones de asesinato contra ellos. Las analogías entre Jesús y Moisés no solo no contemplan las anteriormente citadas similitudes sino que tampoco contemplan otras aún más cruciales. Estas incluyen el nacimiento natural, vida familiar y muerte de Moisés y Muhammad  al contrario de Jesús. Más aún, Jesús fue tomado por sus seguidores como el hijo de Dios y no exclusivamente como un profeta de Dios, tal y como Moisés y Muhammad   fueron y como los musulmanes creen que Jesús fue. Entonces, esta profecía se refiere al profeta Muhammad  y no a Jesús, porque Muhammad  es más parecido a Moisés que Jesús, con relación a los puntos anteriormente mencionados.También uno se da cuenta al leer el evangelio de Juan que los judíos estaban esperando el cumplimiento de tres distintas profecías. La primera era la llegada de Cristo. La segunda era la venida de Elías. La tercera era la venida del Profeta. Esto se hace claro debido a las tres preguntas que le fueron hechas a Juan el Bautista:\"... Los Judíos de Jerusalén habían enviado donde Juan algunos sacerdotes y levitas para que le preguntaran: \"¿Quién eres tu?\". Juan acepto decírselo y no lo negó. Declaró: \"Yo no soy el Cristo\". Le dijeron: \"Entonces, ¿quién eres?, ¿Elías?\" Contestó: \"Yo no soy Elías\". Le dijeron: \" ¿Eres el Profeta?\". Contestó \"No\"Si buscamos en una Biblia que tenga referencias encontraremos en las notas marginales que las palabras el Profeta en Juan 1:21, se refieren a la profecía de Deuteronomio 18:15 y 18:18.2  Concluimos de todo esto que la profecía de Deuteronomio 18:18 no se refiere a Jesús sino a Muhammad .2) De entre los \"hermanos\" de los israelitas:Abraham tuvo dos hijos, Ismael e Isaac (Génesis 21). Ismael se convirtió en el padre de la nación árabe, e Isaac se convirtió en el padre de la nación judía. El profeta del que habla Deuteronomio no proviene de entre los judíos mismos; sino de entre sus hermanos; o sea los Ismaelitas. Muhammad , un descendiente de Ismael, es de hecho este profeta.También Isaías 42:1-13 habla sobre el siervo de Dios, Su \"Siervo\" y \"Escogido\" quien habrá de traer una ley.\"No se desanimará ni desfallecerá hasta que haya establecido en la tierra la justicia, y su ley esperarán las costas\"El versículo 11 conecta a ese esperado mensajero con los descendientes de Cedar. ¿Quién es Cedar? Según Génesis 25:13, Cedar fue el segundo hijo de Ismael, el ancestro del Profeta Muhammad .3) Dios pondrá Sus palabras en la boca de este profeta:Las palabras de Dios (el Sagrado Corán) fueron verdaderamente puestas o colocadas en la boca de Muhammad . Dios envió al Arcángel Gabriel para que le enseñara a Muhammad  las palabras exactas de Dios (el Sagrado Corán) y le ordenó que las dictara a la gente tal y como las había oído. Las palabras no son, por lo tanto, suyas. Estas no provenían de sus propios pensamientos, sino que fueron puestas en su boca por el Arcángel. Durante la vida de Muhammad , y bajo su supervisión, estas palabras fueron memorizadas y escritas por sus compañeros.También, esta profecía en  Deuteronomio menciona que este profeta hablará las palabras de Dios en el nombre de Dios.  Si damos un vistazo al Sagrado Corán, encontraremos que todos sus capítulos, excepto el Capítulo 9, están precedidos o empiezan con la frase, \"En el nombre de Dios, el Misericordioso, el Compasivo.\"Otra indicación (aparte de la profecía en Deuteronomio) es que Isaías relaciona al mensajero conectado con Cedar con un nuevo cántico (una escritura en un nuevo idioma) que ha de ser cantado al SeñorEsto se ve mencionado más claramente en la profecía de Isaías:\"y en lengua extranjera, El hablará a este pueblo\"Otro punto relacionado, es que el Corán fue revelado en diferentes lugares y por partes en un período de 23 años.  Es interesante comparar esto con Isaías 28 que habla sobre la misma cosa,\"Porque mandamiento tras mandamiento, mandato sobre mandato, renglón tras renglón, línea sobre línea, un poquito allí, otro poquito allá.\"Note que Dios dijo en el verso anterior a la profecía enDeuteronomio 18:18, \"Mas a cualquiera que no oyere mis palabras que él hablare en mi nombre, yo le pediré cuenta\"Esto significa que quien cree en la Biblia debe creer en lo que este profeta dice, y este profeta es Muhammad ."
      },
      {
        "Title": "(4) Los versos coránicos que mencionan eventos futuros que ocurrieron posteriormente",
        "Paragraphs": "Un ejemplo de las predicciones correctas Coránicas de eventos futuros, es la victoria de los romanos sobre los persas en el espacio de 3 a 9 años, después de que los romanos fueran derrotados por los persas en la época del profeta Muhammad . Dios dijo en el Corán:Los Romanos han sido vencidos en la tierra más próxima. Pero ellos, a pesar de su derrota vencerán dentro de bid\u0027i (tres a nueve) años....Veamos que es lo que la Historia nos dice sobre estas guerras. El libro titulado \"History of the Byzantine State\" [Historia del Estado Bizantino], nos dice que el ejercito romano recibió una dura derrota en Antioquia en el 613 E.C., y como resultado de eso los persas empezaron a empujar y avanzar en todos los frentes.1  En aquel momento, hubiera sido muy difícil imaginar que los romanos irían a derrotar a los persas, pero el Corán prometió que ellos serían victoriosos en el espacio de 3 a 9 años. En el año 622 de la era común, nueve años después de la derrota romana, las dos fuerzas (romanos y persas), se enfrentaron en las tierras de Armenia y el resultado de la batalla fue la decisiva victoria de los romanos sobre los persas, por primera vez, después de su derrota en el 613.2  La promesa fue cumplida tal y como Dios lo dijo en el Corán.Existen muchos otros versos Coránicos y dichos del Profeta  que mencionan eventos futuros que ocurrieron."
      },
      {
        "Title": "(5) Los milagros realizados por el Profeta  Muhammad",
        "Paragraphs": "El Profeta Muhammad  realizó muchos milagros con el permiso de Dios. Estos milagros fueron presenciados por muchas personas. Por ejemplo:i. Cuyo los incrédulos de la Meca le pidieron al Profeta  que les muestre un milagro, este les mostró el resquebrajamiento de la Luna en dos partes.1ii. Otro milagro fue el brotar del agua de las manos de Muhammad  cuyo sus compañeros quedaron sedientos y no les quedaba más que un poco de agua en una vasija. Los compañeros se le acercaron y le dijeron que no tenían agua para hacer las abluciones, ni para beber excepto la que tenían en el recipiente. Entonces Muhammad colocó su mano en la vasija y el agua empezó a brotar de entre sus dedos para que bebieran e hicieran sus abluciones. El número de personas era mil quinientas.2Hubo muchos otros milagros que Muhammad  realizó o que le acontecieron."
      },
      {
        "Title": "(6) La vida sencilla de Muhammad",
        "Paragraphs": "Si comparamos la vida de Muhammad  antes de su misión como profeta con su vida después de que comenzó su misión, concluiremos que es irracional pensar que Muhammad  era un falso profeta; que pretendía la profecía para obtener ganancias materiales, grandeza, gloria, o poder.Antes de empezar su misión como profeta, Muhammad  no tenía problemas financieros. Como un exitoso y respetado mercader Muhammad  tenía un satisfactorio y confortable ingreso. Después de su misión; y por causa de la misma, su situación económica empeoró drásticamente. Para clarificar esto un poco más, revisemos los siguientes textos sobre de su vida:i. Aa\u0027isha, la esposa de Muhammad , dijo dirigiéndose a su sobrino : \"Oh sobrino mío, a veces pasaban dos meses sin que se encendiera un fuego (para cocinar la comida) en las casas del Profeta \". Su sobrino le pregunto: \"Oh tía, ¿qué los sostuvo entonces?\", ella dijo: \" El agua y los dátiles, pero el profeta  tenía algunos vecinos de entre los Ansar quienes tenían camellos que le proporcionaran leche y solían mandarle al Profeta  algo de su leche.\"1ii.Say\u0027 Ibn Sa\u0027ad, uno de los compañeros de Muhammad , dijo: \"El profeta de Dios  no volvió a ver (comer) pan hecho con harina fina desde que fuera comisionado como Profeta hasta el día en que murió.\"2iii. Aa\u0027isha la esposa de Muhammad , dijo; \"El catre sobre el que el Profeta  dormía estaba hecho de cuero rellenado con fibra de hojas de dátiles.\"3iv. Amr Ibn Al Hariz, uno de los compañeros del profeta  dijo que cuando el profeta  murió no dejó dinero o cosa alguna, excepto su mula blanca sobre la que montaba sus armas y un pedazo de terreno que dio a la caridad4Muhammad  vivió esta vida difícil hasta el día en que murió a pesar de que el tesoro de los musulmanes estaba bajo su disposición, la mayor parte de la península arábiga ya era musulmana antes de que muriera y los musulmanes fueron victoriosos dieciocho años después del comienzo de su misión.¿Será posible que Muhammad  hubiera pretendido ser profeta para conseguir estatus, grandeza y poder? El deseo de tener poder y status está usualmente asociado con la buena comida, la ropa fina, palacios monumentales, guardias a su servicio y la autoridad indisputable. ¿Acaso alguno de estos parámetros se puede aplicar a Muhammad ? Unos cuantos vistazos a su vida nos pueden ayudar a responder esta pregunta.A pesar de sus responsabilidades de profeta, maestro, hombre de estado y juez, Muhammad  solía ordeñar su cabra,5 remendaba su ropa, reparaba sus calzados,6 ayudaba en las tareas caseras,7 y visitaba a la gente pobre cuando se enfermaban.8  También ayudo a sus compañeros a cavar una trinchera y a sacar la arena junto con ellos.9  Su vida fue un increíble modelo de humildad y sencillez.Sus seguidores lo amaban, respetaban y confiaban en él de una forma impresionante. Aún así, él continuaba insistiendo que la deificación debía ser dirigida a Dios y no a su persona. Anas, uno de los compañeros del profeta, dijo que no había persona a la que ellos amaran tanto como al profeta Muhammad , pero que cuando él llegaba a ellos no se ponían de pie, como reverencia a él, pues odiaba que lo reverenciaran,10 tal como otras personas hacen con sus grandes hombres.Mucho antes de que hubiese alguna perspectiva de éxito para el Islam, y al comienzo de una larga y dolorosa era de tortura, sufrimiento y persecución en contra de Muhammad  y sus compañeros, él recibió una interesante propuesta. Un mensajero de los líderes paganos, llamado Utba, llegó diciéndole: \"... Si lo que quieres es dinero, juntaremos el dinero necesario para que seas el más rico de nosotros. Si lo que quieres es el liderazgo, te haremos nuestro líder y nunca decidiremos sobre algún asunto sin tu aprobación. Si lo que quieres es un reino te haremos nuestro rey...\".Tan solo una condición le fue requerida a Muhammad  a cambio de todo aquello, que renunciara a su prédica; que dejara de atraer la gente al Islam y a la adoración de un solo Dios sin asociarle nada. ¿Acaso no es tentadora esta oferta para alguien que busca el beneficio mundano? ¿Acaso se mostró Muhammad  vacilante cuando le fue hecha la oferta? ¿Acaso la rechazó a manera de estrategia de regateo dejando la puerta abierta para una mejor oferta? La siguiente fue su respuesta:En el Nombre de Dios, el Clemente, El Misericordioso11Los siguientes son algunos de los versos mencionados:Revelación descendida por el Misericordioso, el Compasivo. Un libro cuyos signos son un claro discernimiento, que ha sido expresado en una Recitación árabe para gente que sabe. Es portador de buenas noticias y advertidor, pero la mayoría de ellos se han apartado y no escuchan.En otra ocasión y en respuesta a la súplica de su tío para que detuviera su prédica; la respuesta de Muhammad , fue tanto decisiva como sincera:¡Juró en el Nombre de Dios, Oh tío!, que aunque ellos colocasen el sol en mi mano derecha y la luna en la izquierda ,en recompensa, por renunciar a esta cuestión (invitar a la gente al Islam), nunca desistiré hasta que Dios lo haga (Al Islam), triunfar o yo perezca defendiéndolo.12Muhammad , y sus pocos seguidores sufrieron no solo muchas formas de tortura y sacrificio durante trece años, sino que los incrédulos también lo trataron de asesinar varias veces. En una ocasión trataron de romperle la cabeza y asesinarlo con una roca gigante, que apenas podían alzar.13  En otra ocasión trataron de matarlo poniendo veneno en su comida.14  ¿Son estas las características de un hombre ególatra y hambriento de poder? ¿Qué podría justificar tal vida de sufrimiento y sacrificio aún después de que fuera totalmente victorioso sobre sus adversarios? ¿Qué podría explicar la humildad y nobleza que demostró en sus más gloriosos momentos cuando insistió que el éxito se debe tan solo a la ayuda de Dios y no a su propio genio??"
      },
      {
        "Title": "(7) El fenomenal crecimiento del Islam",
        "Paragraphs": "Al final de este capitulo sería apropiado indicar un importante indicio sobre la veracidad del Islam. Es algo bien conocido que en los Estados Unidos y en todo mundo, el Islam es la religión que más rápido crece. Las siguientes son algunas observaciones sobre el fenómeno:i. \"El Islam es la religión que más rápido crece en América, una guía y pilar de estabilidad para mucha de nuestra gente...\" (Hillary Rodham Clinton, Los Angeles Times).1ii. \"Los musulmanes son el grupo que más rápido crece en el mundo...\" (The Population Reference Bureau, USA Today).2iii.  \"....el Islam es la religión de mas rápido crecimiento en el país.\" (Geraldine Baum; Newsday Religion Writer, Newsday).3iv.  \"El Islam, la religión de más rápido crecimiento en los Estados Unidos...\" (Ari L. Goldman, New York Times).4Este fenómeno nos indica que el Islam es verdaderamente una religión de Dios. Es irracional pensar que tantos americanos y personas de diferentes países se hayan convertido al Islam sin una cuidadosa consideración y profunda contemplación antes de concluir que el Islam es verdadero. Estos conversos provienen de diferentes países, clases, razas y ocupaciones; incluyendo científicos, catedráticos, filósofos y periodistas, políticos, actores, y atletas.  (Para leer las historias de personas que se han convertido al Islam, porfavor visite el  link Historias de musulmanes nuevos.)Los puntos mencionados en este capítulo constituyen tan solo algunas de la evidencias que prueban la afirmación de que el Corán es la palabra literal del Dios, que Muhammad  es verdaderamente un profeta enviado por Dios y que el Islam es verdaderamente una religión de Dios."
      }
    ],
    "Chapter-02": [
      {
        "Title": "(1) La entrada al Paraíso eterno",
        "Paragraphs": "El Islam proporciona muchos beneficios para el individuo y la sociedad. Este capítulo menciona algunos de los beneficios relacionados con el individuo.Dios dijo en el Corán:Y dales la buena noticia a los que creen y practican las acciones de bien, de que tendrán jardines por cuyo suelo corren ríos....Dios también dijo:Tomad delantera hacia un perdón de vuestro Señor y un Jardín (Paraíso) cuya anchura son los cielos y la tierra, que ha sido preparado para los que crean en Allah y en sus mensajeros....El profeta Muhammad  nos dijo que el menor de los habitantes del Paraíso tendrá diez veces más lo mejor de la vida terrenal,1 y él o ella tendrán lo que deseen multiplicado diez veces.2  El profeta también dijo:Un espacio en el Paraíso equivalente al tamaño de un pie, será mejor que el mundo y todo lo que hay en él.4Dijo también:En el paraíso hay cosas que ningún ojo ha visto ni oído escuchado, y que ninguna mente humana ha imaginado.Dijo también:El hombre más miserable de este mundo, de entre aquellos que entrarán al Paraíso, será inmerso en él tan solo una vez, y después se le preguntará, \"¡Oh!, hijo de Adán ¿Acaso has enfrentado alguna vez la miseria? ¿Has experimentado alguna vez la dificultad?\" y el dirá, \"¡No, por Dios! nunca enfrente miseria alguna, y nunca experimente miseria alguna.\"5Si entras en el Paraíso vivirás una vida muy feliz, sin enfermedades, infortunios o muerte, y vivirás en él por siempre, Dios dijo en el Corán:Y a los que creen y practican las acciones de bien, les haremos entrar en jardines (el Paraíso) por cuyo suelo corren los ríos; allí serán inmortales para siempre...."
      },
      {
        "Title": "(2) La salvación del castigo del Fuego del Infierno",
        "Paragraphs": "Dios dijo en el Corán:El que se niegue a creer y muera siendo incrédulo no se le aceptará ningún rescate; aunque todo el oro que cabe en la tierra. Esos tendrán un castigo doloroso y no habrá quien les auxilie.Entonces, esta vida es nuestra única oportunidad para ganar el paraíso y de escapar del fuego de infierno, porque si alguien muere en la incredulidad, no tendrá otra oportunidad de volver a este mundo para creer. Dijo Dios en el Corán sobre lo que pasará con los incrédulos en el Día del Juicio Final:Si los vieras al detenerse ante el fuego y decir: ¡Ay de nosotros si pudiéramos volver! No negaríamos los signos de nuestro Señor y seriamos creyentes!\"Pero nadie tendrá esta segunda oportunidad.El Profeta Muhammad  dijo:\"La persona más afortunada y dichosa en este mundo, de entre aquellos condenados al infierno el día del juicio será sumergida en el fuego del infierno tan solo una vez, entonces se le preguntará\". ¿Oh hijo de Adán, alguna vez viste algún bien? ¿Has experimentado alguna vez alguna bendición?\" y él dirá: \"¡Por Dios, no!, ¡Oh Señor!\"1"
      },
      {
        "Title": "(3) La Felicidad y la verdadera paz interior",
        "Paragraphs": "La felicidad y la paz verdadera se pueden encontrar mediante el sometimiento a los mandamientos del Creador y Señor de los mundos. Dios dijo en el Corán:¿Pues no es acaso el recuerdo de Allah con lo que se tranquilizan los corazones?.Por otro lado, quien se aparte del Corán tendrá en este mundo una vida de dificultad. Dios dijo:Pero quien se aparte de mi recuerdo,1 ... Es cierto que tendrá una vida mísera y el Día del Levantamiento le haremos comparecer ciegoEsto tal vez explique porque algunas personas cometen suicidio siendo que disfrutan de la comodidad material que el dinero puede comprar. Por ejemplo, veamos a Cat Stevens (ahora Yusuf Islam), un famoso cantante Pop que solía ganar algunas veces más de $150.000 dólares por noche. Después de que se convirtió al Islam encontró la verdadera felicidad y paz que no había encontrado en medio del éxito material.2"
      },
      {
        "Title": "(4) El perdón de todos los pecados anteriores",
        "Paragraphs": "Cuando alguien se convierte al Islam, Dios le perdona todos sus pecados y malas acciones previas. Un hombre llamado Amr llegó donde el Profeta Muhammad  y le dijoDame tu mano derecha para que pueda darte mi voto de lealtad para contigoEl Profeta  estiró su mano derecha, entonces Amr retiró la suya. El Profeta  le dijo:¿Qué pasa Amr? El respondióَ, \"quiero poner una condición\" El Profeta  pregunto: ¿Que condición pretendes poner?Amr dijo.\"Que Dios perdone mis pecados\"El Profeta  dijo:¿Acaso no sabes que el hecho de abrazar el Islam borra todos los pecados anteriores (a él)?1Después de convertirse al Islam, la persona será recompensada por sus buenas o malas obras según el siguiente hadiz del Profeta Muhammad :\"Vuestro Señor, alabado y exaltado sea, es Misericordiosisimo. Si alguien tiene la intención de hacer una buena obra, pero no la hace, una buena acción le será registrada (de todos modos). Y si la hace, le será registrada (una recompensa superior a la de una sola acción) diez, setecientas o muchas veces más. Y si alguien tiene la intención de hacer una mala acción, pero no la hace, una buena acción le será registrada. Y si la hace, (solamente) una mala acción le será registrada o puede que Dios la borre.2"
      }
    ],
    "Chapter-03": [
      {
        "Title": "Qué es el Islam?",
        "Paragraphs": "La religión del Islam es la completa aceptación y obediencia a las enseñanzas de Dios, que Él reveló a su Profeta Muhammad ."
      },
      {
        "Title": "Algunas creencias islámicas básicas",
        "Paragraphs": "Los musulmanes creen en un, Único e Incomparable Dios, que no tiene hijo ni socio, y que Él es el único que posee el derecho de ser adorado. Él es el Dios verdadero y cualquier otra deidad es falsa. Él tiene los más magníficos Nombres, sublimes y perfectos Atributos. Nadie comparte su Divinidad, ni sus Atributos. En el Corán Dios se describe a si Mismo:Di: Él es Allah, Uno. Allah, el Señor Absoluto. (A quien todos se dirigen en sus necesidades) No ha engendrado ni ha sido engendrado. Y no hay nadie que se le parezca.\"Nadie tiene el derecho de ser invocado, suplicado, que le sea rezado o le sea dedicado cualquier acto de adoración, sino Dios solamente.El Cáp. 112 del Corán escrito en caligrafía árabe.}Únicamente Dios es el Todopoderoso, el Creador, el Soberano y Señor de todo lo que hay en el Universo. Él se encarga de todos los asuntos. No necesita ni depende de sus criaturas, y todas sus criaturas dependen de Él. Él es el Omnioyente, el Omnividente. En una forma perfecta, su conocimiento engloba a todas las cosas las evidentes y las secretas, lo público y lo privado. Él conoce lo que pasó, lo que pasará y cómo pasará. Nada ocurre en el universo si no es por que Él quiere. Lo que desea es y lo que no desea no es, y nunca será. Su deseo está por encima del deseo de todas sus criaturas. Tiene poder por sobre todas las cosas, y es capaz de hacer todo lo que desea. Es el Graciabilísimo, el Misericordioso, y el Más Benévolo. En uno de los dichos del Profeta Muhammad  nos es dicho que Dios es más misericordioso con sus criaturas de lo que una madre lo es con su hijo.1\r\n  Dios está exento de la injusticia y la tiranía. Es el más sabio en todas su acciones y decretos. Si alguien quiere pedirle a Dios algo debe pedírselo sólo a Él, sin pedirle a alguien más que interceda por él. No existen intermediarios entre Dios y aquellos que buscan Su ayuda.Dios no es Jesús, y Jesús no es Dios.2\r\n El mismo Jesús negó eso. Dios dice en el Corán:Realmente han caído en incredulidad quienes dice: Allah es el Ungido, hijo de Maryam. Cuando fue el Ungido quien dijo a los hijos de Israel: ¡Adorad a Allah! Mi Señor y el vuestro. Quien asocie algo con Allah, Allah le vedará el jardín y su refugio será el Fuego. No hay quien auxilie a los injustos.4\r\n \"Dios no es una Trinidad. Dios dijo en el Corán:Y han caído en incredulidad los que dicen: Allah es el tercero de tres, cuando no hay sino un único Dios si no dejan de decir lo que dicen, ésos que han caído en la incredulidad tendrán un castigo doloroso. ¿Es que no van a volverse hacia Allah y Le van a pedir perdón? Allah es perdonador y Compasivo. El Ungido, hijo de Maryam, no es más que un mensajero antes del cual ya hubo otros mensajeros...El Islam niega que Dios descansó en el séptimo día de la Creación, que Él lucho con uno de Sus ángeles, que Él es un envidioso conspirador contra la raza humana o que Él se ha encarnado en algún ser humano. El Islam también rechaza la atribución de cualquier forma humana a Dios. Todas estas cosas son consideradas blasfemas. Dios es el Exaltado. Está muy lejos de cualquier imperfección. Nunca se fatiga y ni la somnolencia, ni el sueño le afectan.La palabra árabe Allah significa Dios (el Dios Uno y Único que creó todo el Universo). Esta palabra \u0027Allah\u0027 es el nombre para Dios, utilizado por las personas que hablan árabe, tanto cristianos, como musulmanes. Esta palabra, la cual no tiene forma femenina ni plural, no puede ser utilizada para designar algo que no sea el Único Dios verdadero. La palabra árabe Allah aparece en el Corán cerca de 2.700 veces. En arameo, un idioma muy cercano y afín con el árabe, que era el idioma que Jesús habitualmente hablaba,4\r\n se es referido a Dios también como Allah.Los musulmanes creen en la existencia de los Ángeles y que estos son criaturas honorables. Los ángeles solo adoran a Dios, le obedecen y actúan sólo por órdenes suyas. Entre los ángeles está Gabriel, quien descendió el Corán al profeta Muhammad .Los musulmanes creen que Dios reveló las escrituras a sus mensajeros como prueba para la humanidad y como una guía para la misma. Entre esos libros se encuentra el Corán que Dios reveló al profeta Muhammad . Dios ha garantizado la protección del Corán de cualquier corrupción o distorsión, Dios dijo:Nosotros hemos hecho descender el Recuerdo (el Corán) y somos sus guardianes.Los musulmanes creen en los profetas y mensajeros de Dios, comenzando con Adán, incluyendo a Noé, Abraham, Ismael, Isaac, Jacob, Moisés y Jesús (La Paz sea sobre todos ellos). Pero el último mensaje de Dios para el hombre, una reconfirmación del eterno mensaje, le fue revelado al profeta Muhammad . Los musulmanes creen que Muhammad  es el último profeta enviado por Dios, tal y como lo dice Dios:Muhammad no es el padre de ninguno de vuestros hombres sino que es el Mensajero de Allah y el sello de los profetas...Los musulmanes creen que todos los profetas y mensajeros fueron creados como seres humanos que no poseían ninguna de las cualidades y atributos divinos de Dios.El musulmán cree en el Día del Juicio (El Día de la Resurrección) cuando todas las personas serán resucitadas para ser juzgadas por Dios con relación a sus creencias y acciones.Los musulmanes creen en el Al-Qadar que es la Divina Predestinación, pero esta creencia en la Divina Predestinación no significa que el ser humano no tiene libre albedrío. Al contrario los musulmanes creen que Dios ha dado a los seres humanos el libre albedrío. Esto significa que ellos pueden escoger entre el bien y el mal y que ellos son responsables por sus decisiones.La creencia en la Divina Predestinación incluye la creencia en cuatro conceptos: 1) Dios sabe todas las cosas. Conoce lo que ha pasado y lo que va a pasar. 2) Dios ha registrado todo lo que ha pasado y todo lo que pasará hasta el Día del Juicio. 3) Cualquier cosa que Dios quiera que pase sucede, y cualquier cosa que Dios no quiera que suceda no pasa. 4) Dios es el creador de todo."
      },
      {
        "Title": "¿Existen otras fuentes sagradas aparte del Corán?",
        "Paragraphs": "Sí, La Sunnah (lo que el profeta Muhammad  dijo, hizo o aprobó) es la segunda fuente sagrada en el Islam. La Sunnah está compuesta por los Hadices, los cuales son reportes confiables sobre lo que dijo, hizo y aprobó el profeta Muhammad , transmitidos por sus compañeros (que Dios esté complacido con ellos). La creencia en la Sunnah, es una creencia islámica básica."
      },
      {
        "Title": "Ejemplos de los dichos del Profeta Muhammad",
        "Paragraphs": "Los creyentes son en cuanto a su amor, misericordia y bondad entre ellos como un (solo) cuerpo: si algún miembro del mismo adolece, todo el cuerpo siente su falta de sueño y fiebre.1Los creyentes con la mejor fe son aquellos cuya moral es la mejor. Y los mejores de entre ellos son aquellos que tratan mejor a sus esposas.2Ninguno de vosotros habrá creído (completamente) hasta que desee para su hermano lo que desea para sí mismo.3A la gente misericordiosa el Misericordiosisimo (Dios) les muestra misericordia. Mostrad misericordia con la gente de la tierra, y Dios mostrará misericordia para con vosotros.4Sonreírle a tu hermanos es caridad...5Una buena palabra es caridad.6Quien crea en Dios y en el Día del Juicio debe ser bueno con su vecino.7Dios no os juzga de acuerdo a vuestra apariencia y riqueza sino que mira en vuestros corazones y acciones.8Pagad al trabajador su sueldo antes de que su sudor se seque.9Un hombre que caminaba por un sendero se sintió muy sediento. Al llegar a un pozo de agua descendió en él. Bebió hasta saciarse y después salió. Entonces vio un perro con la lengua colgando y jadeante, tratando de lamer el barro para calmar su sed. El hombre se dijo, \"Este perro esta sintiendo la misma sed que (yo) sentía\". Entonces volvió a descender en el pozo lleno su zapato con agua para posteriormente darle de beber al can. Por esto Dios le agradeció y le perdonó sus pecados}. Alguien le preguntó al Profeta , \"Mensajero de Dios, ¿Acaso somos recompensados por tener bondad para con los animales?\" El dijo: {Existe recompensa para quien tiene benevolencia para con cualquier criatura viviente.10"
      },
      {
        "Title": "¿Qué es lo que el Islam dice sobre el Día del Juicio Final?",
        "Paragraphs": "Al igual que los cristianos, los musulmanes creen que la vida presente es tan solo una prueba preparatoria para la próxima existencia. Esta vida es un examen para cada individuo. El día llegará en que el universo sea destruido por completo y que los muertos sean resucitados para el juicio de Dios. Este día será el comienzo de una vida que nunca terminará. Este es el Día del Juicio. En aquél día, todas las personas serán recompensadas por Dios de acuerdo con sus creencias y acciones. Aquellos que mueren creyendo que; \"No hay dios verdadero sino Dios, y que Muhammad  es el mensajero (Profeta) de Dios\" y son musulmanes, serán recompensados en aquel día y serán admitidos en el Paraíso para siempre, como Dios dijo:Y los que crean y practiquen las acciones de bien... Esos son lo compañeros del Jardín, donde serán inmortales.Pero aquellos que mueran sin creer que: \"No hay más dios que Dios, y que Muhammad es el mensajero (Profeta) de Dios\" y no son musulmanes, perderán el Paraíso por siempre y serán enviados al Fuego del Infierno, como Dios dijo:Y quien desee otra práctica de adoración que no sea el Islam, no le será aceptada y en la última vida será de los perdedores.Y dijo también:El que se niegue a creer y muera siendo incrédulo no se le aceptará ningún rescate; aunque diera todo el oro que cabe en la tierra. Esos tendrán un castigo doloroso y no habrá quien les auxilie.La persona se ha de preguntar: \"Yo creo que el Islam es una buena religión, pero si me convirtiese al Islam mi familia, amigos y otras personas se burlarían de mi o hasta me perseguirían, así que ¿Si no me convierto al Islam, entraré al Paraíso y estaré a salvo del fuego del Infierno??\u0027La respuesta a esta pregunta es lo que Dios ha dicho en el anterior verso: \"Y quien desee otra practica de Adoración que no sea el Islam, no le será aceptada y en la última vida será de los perdedores.\"Después de haber enviado al profeta Muhammad para que llame a la gente al Islam, Dios no acepta la adherencia a cualquier otra religión que no sea el Islam. Quienquiera que muera sin ser musulmán perderá el Paraíso por siempre y será enviado al fuego del Infierno. Dios es nuestro creador y sustentador. Él ha creado para nosotros todo lo que hay en la tierra. Todas las bendiciones y cosas buenas que tenemos son de Él. Por lo tanto, cuando alguien rechaza la creencia en Dios, su Profeta  o su religión el Islam, es justo que él o ella sean castigados en la próxima vida. De hecho, el principal objeto de nuestra creación es el de adorar solamente a Dios y obedecerle, tal y como Dios dice en elEsta vida que vivimos ahora es muy corta. Los incrédulos en el Día del Juicio pensarán o les parecerá que la vida que vivieron en la Tierra no duro más que un día o parte de un día, dice Dios en el Corán:(Dios) dirá: ¿Cuántos años estuvisteis en la tierra? Dirán: Estuvimos un día o parte de un día....\"Y dijo también:¿Acaso pensasteis que os habíamos creado únicamente como diversión y que no habrías de volver a Nosotros? ¡Ensalzado sea Allah, el Rey Verdadero, no hay dios sino Él, el Señor del noble trono!...La vida del Mas Allá es una vida bien real. No solo es espiritual, sino que es física también. Habremos de vivir en el con nuestros cuerpos y almas.Al comparar este mundo con la otra vida, el profeta Muhammad  dijo:El valor de este mundo comparado con el del más allá, es como lo que vuestro dedo saca del mar cuando lo introducís en él y cuando lo sacáis.1El significado de este hadiz, es que el valor de este mundo comparado con el de la otra vida es como el de unas pocas gotas comparadas con la amplitud del mar."
      },
      {
        "Title": "¿Cómo es que uno se convierte en musulmán?",
        "Paragraphs": "Simplemente con decir: \"La ilaha illa Allah, Muhammad dun rasúlu Allah\", con convicción uno se convierte al Islam y se hace musulmán (para oir estas palabras en árabe haga click aquí).  Esta frase significa: \"No existe dios verdadero sino Dios (Allah)1\r\n, y Muhammad es el mensajero (profeta) de Dios\". La primera parte, \"No existe dios verdadero sino Dios\", significa que nadie tiene el derecho de ser adorado sino Dios, y que Dios no tiene socios en Su reino ni hijos. Para ser musulmán uno también debe:i. Creer que el Sagrado Corán es la literal palabra de Dios, revelada por Él.ii.  Creer en el Día del Juicio (el Día de la Resurrección) es verdadero y que vendrá a pasar tal como Dios ha prometido en el Corán.iii. Aceptar el Islam como su religión.iv. No adorar a nada ni nadie excepto Allah.El Profeta Muhammad  dijo:La alegría de Dios, cuando alguno de vosotros se vuelve a Él en arrepentimiento, es mayor a la que alguno de vosotros sentiría si estuviese cabalgando sobre su camello en el (inhóspito) desierto, y éste se escapase de él, junto con todas sus provisiones, dejándolo sin la más mínima esperanza. El hombre llega a un árbol y se refugia bajo su sombra (esperando la muerte), pues ha perdido toda esperanza de encontrar a su camello. Entonces, mientras él se encuentra en ese estado (de desesperación), sorpresivamente su camello aparece ahí en frente suyo. Lo agarra por sus riendas y grita desde lo mas profundo de su alegría:\" ¡Oh Dios, Tu eres mi siervo y yo soy tu señor!\" Su error fue motivado por la intensidad de su alegría.2El testimonio, \"No existe dios verdadero sino Dios, y Muhammad es el mensajero (Profeta) de Dios\", escrito sobre una entrada.}"
      },
      {
        "Title": "¿Sobre qué trata el Corán?",
        "Paragraphs": "El Corán, la última revelación de Dios, es la fuente primordial de la fe, y práctica de cada musulmán.  El Corán trata todos los temas que se relacionan con los seres humanos: sabiduría, doctrina, adoración, transacciones, leyes, etc., pero su tema básico es la relación entre Dios y sus criaturas. Al mismo tiempo provee líneas de Guía y detalladas enseñanzas para lograr una sociedad justa, una conducta humana correcta y un sistema económico equitativo.Nótese que el Corán fue revelado en árabe al profeta Muhammad , por lo tanto cualquier traducción del mismo, ya sea en castellano o en cualquier otro idioma, no es el Corán, ni es una versión del mismo; es tan solo una traducción de los significados del Corán. El Corán como tal, existe tan solo en árabe tal y como fuera revelado."
      },
      {
        "Title": "¿Quién es el profeta Muhammad ?",
        "Paragraphs": "Muhammad  nació en la Meca, en el año 570 de la E.C. Siendo que su padre había muerto antes de su nacimiento y su madre poco después de su nacimiento, Muhammad , fue criado por su tío quien pertenecía a una respetada tribu de Curaish. Fue criado analfabeto, no podía leer o escribir, y así permaneció hasta el día de su muerte. Al crecer, se hizo conocido entre su gente por ser veraz, confiable, generoso y sincero. Era tan veraz que lo llamaban de \"el confiable\".1\r\n  Muhammad  era muy religioso y siempre detestó la decadencia y la idolatría de su sociedad.A la edad de 40, Muhammad  recibió su primera revelación a través del Arcángel Gabriel. Las revelaciones continuaron durante veintitrés años y son colectivamente conocidas como el Corán.Tan pronto como empezó a recitar el Corán y a predicar la verdad que Dios le había revelado, él y su pequeño grupo de seguidores sufrieron la persecución de los incrédulos. Esa persecución se hizo tan feroz que en el año 622, Dios les dio la orden de emigrar. Esa emigración de La Meca a la ciudad de Medinah, a unos 400 Km. al norte, marca el comienzo del calendario musulmán.Después de varios años, Muhammad  y sus seguidores volvieron a Meca (triunfantes), donde perdonaron a sus enemigos y perseguidores. Antes de que Muhammad muriera a la edad de 63 años, la mayor parte de la península arábiga se había convertido al Islam y en el transcurso de un siglo después de su muerte, el Islam se había esparcido hacia España en el Occidente y tan lejos como China en el Este. Entre las razones de la rápida y pacífica expansión del Islam, estaba la verdad y claridad de sus doctrinas. El Islam llama a la fe en un solo Dios, que es Él único que merece la adoración.El Profeta Muhammad  fue el ejemplo perfecto de un ser humano honesto, justo misericordioso, compasivo, veraz, confiable y valiente. Estaba muy lejos de cualquier característica maligna y luchó solamente por la causa de Dios y Su recompensa en la Otra Vida. Más aun, era en todas sus acciones y tratos muy consciente y temeroso de Dios.La Mezquita del Profeta Muhammad  en Medinah}"
      },
      {
        "Title": "¿Cómo influenció la propagación del Islam en el desarrollo de la ciencia?",
        "Paragraphs": "El Islam instruye al hombre para que utilice su poder de inteligencia y observación.  En unos pocos años de propagación de la religión, grandes civilizaciones y universidades florecían. La síntesis de las ideas orientales con las occidentales y de ideas nuevas con antiguas, trajo consigo grandes avances en la medicina, matemáticas, física, astronomía, geografía, arquitectura, arte, literatura e historia. Muchos sistemas cruciales tales como Álgebra, los números arábicos y el concepto del cero (vital para el avance de las matemáticas).fueron transmitidos a la Europa medieval por los musulmanes. Instrumentos sofisticados que harían posible los viajes de descubrimiento europeos, tales como el Astrolabio, el cuadrante y buenos mapas de navegación, fueron desarrollados por los musulmanes.El Astrolabio: Uno de los más importantes instrumentos científicos desarrollado por los musulmanes y que fuera ampliamente utilizado en el occidente hasta tiempos modernos.}Los médicos musulmanes prestaban mucha atención a la cirugía y por lo tanto desarrollaron muchos instrumentos quirúrgicos tal y como se ve en este manuscrito antiguo.}"
      },
      {
        "Title": "¿Qué es lo que los musulmanes creen sobre Jesús?",
        "Paragraphs": "Los musulmanes respetan y reverencian a Jesús (La Paz se a con él). Lo consideran uno de los más grandes mensajeros de Dios para la humanidad. El Corán confirma su nacimiento virginal. Dios purificó a su madre María. Existe un capítulo entero en el Corán llamado \"Maryam\" (María). El Corán describe el nacimiento de Jesús como sigue:Cuando dijeron los ángeles ¡Maryam! Allah te anuncia una palabra procedente de Él cuyo nombre será el Ungido, Isa hijo de Maryam; tendrá un alto rango en esta vida y en la última; y será de los que tengan proximidad. En la cuna y siendo un Hombre maduro, hablará a la gente y será de los justos. Dijo (María): ¡Señor mío! ¿Cómo voy a tener un hijo si ningún hombre me ha tocado? Dijo: Así será, Allah crea lo que quiere; cuando decide un asunto le basta decir: ¡Sé! Y es.Jesús nació milagrosamente [sin padre] por orden de Dios quien creó a Adán sin padre ni madre. Dios dijo:Verdaderamente Isa (Jesús), ante Allah, es como Adán lo creó de tierra y luego le dijo: ¡Sé! Y fue.Durante su misión profética, Jesús hizo varios milagros. Dios nos dice que Jesús dijo:Y les enseñará la Escritura y la Sabiduría, la torá y el Inyil (el evangelio). Y será un mensajero para los hijos de Israel (y les dirá): He venido a vosotros con un signo de vuestro Señor. Voy a crear para vosotros, a partir del barro, algo con forma de ave. Soplaré en ello y será un ave con permiso de Allah. Y sanaré al ciego y al leproso y daré vida a los muertos con permiso de Allah y os diré (Sin verlo) lo que coméis y lo que guardáis en vuestra casas. Y, si sois creyentes, en ello tenéis un signo.Los musulmanes creen que Jesús no fue crucificado (y mucho menos que murió en la cruz) . Era el plan de los enemigos de Jesús el crucificarlo (y matarlo), pero Dios lo salvó y lo elevó hacia Sí. La apariencia de Jesús fue colocada sobre otra persona, y los enemigos de Jesús aprendieron a este hombre y lo crucificaron, pensando que era Jesús. Dios dijo:...Y dijeron (Los judíos): Hemos matado al Mesías Jesús hijo de María, el Mensajero de Allah. Pero no le mataron ni le crucificaron, sino que se les hizo confundir con otro a quien mataron en su lugar. Quienes discrepan sobre él tienen dudas al respecto. No tienen conocimiento certero, sino que siguen suposiciones, y ciertamente no lo mataron...Tanto Muhammad  como Jesús no vinieron a cambiar la doctrina básica de la creencia en un solo Dios, traída por lo profetas anteriores, sino a confirmarla y a renovarla1La mezquita del Aqsa en Jerusalén.}"
      },
      {
        "Title": "¿Qué es lo que el Islam dice sobre el Terrorismo?",
        "Paragraphs": "El Islam, una religión de misericordia, no permite el Terrorismo. Dios dijo en el Corán:Allah no os prohibe que tratéis bien y con justicia a los que no os hayan combatido a causa de vuestra creencia ni os hayan hecho abandonar vuestros hogares. Es cierto que Allah ama a los equitativos.El profeta Muhammad  prohibía a los soldados matar a mujeres y niños1\r\n, y los aconsejaba diciéndoles:...No traicionéis, no os excedáis, no matéis a los recién nacidos.}2\r\n  Y dijo también: {Quien quiera que haya matado a una persona que tuviese un pacto con los musulmanes, no olerá la fragancia del Paraíso, a pesar de que ésta se puede percibir a una distancia de 40 años (de viaje).3El profeta Muhammad  prohibió también el castigo con fuego.4En una ocasión calificó al asesinato como el segundo de los pecados grandes (Capitales),5\r\n y más aún advirtió a la gente que en el Día del Juicio:Los primeros casos a ser juzgados entre la gente en el Día del Juicio serán aquellos de derramamiento de sangre.6\n7Los musulmanes hasta son incentivados para que sean misericordiosos con los animales, y les es prohibido lastimarlos. Cierta vez el profeta  dijo:Una mujer fue castigada (por Dios) por aprisionar a un gato hasta la muerte. Debido a esto fue condenada al Infierno. Mientras que lo tenía aprisionado no le dio de comer ni beber, no lo dejaba libre para que pudiera cazar y comer los insectos de la tierra8También dijo que un hombre le dio de beber a un perro muy sediento, por lo cual Dios le perdonó sus pecados. Entonces el Profeta  fue preguntado: ¿Acaso somos recompensados por tener bondad para con los animales?, dijo:Existe recompensa para quien tiene benevolencia para con cualquier criatura viviente.9En adición a esto, los musulmanes son ordenados por Dios, que cuando tomen la vida de un animal para alimentarse de él, lo hagan de la manera que le cause el mínimo terror y sufrimiento posible. El profeta Muhammad  dijo:cuando degolléis a un animal, hacedlo en la mejor manera. Deberéis afilar vuestros cuchillos para reducir el sufrimiento del animal10A la luz de este, y otros textos islámicos, el incitar el terror en los corazones de indefensos civiles, la total destrucción de edificios y propiedades, la explosión de bombas y mutilación de hombres, mujeres y niños inocentes, son todos prohibidos y detestables actos de acuerdo con el Islam y los musulmanes. Los musulmanes siguen una religión de Paz, misericordia y perdón, y la vasta mayoría de ellos no tienen nada que ver con los violentos eventos que algunos han asociado con los musulmanes. Si un musulmán comete un acto de terrorismo, esa persona será culpable de violar la ley del Islam."
      },
      {
        "Title": "Los Derechos Humanos y la Justicia en el Islam",
        "Paragraphs": "El Islam provee muchos derechos al individuo, los siguientes son algunos de esos derechos que el Islam protege.La vida y propiedad de todos los ciudadanos en un estado islámico son considerados sagrados, sin importar si la persona es musulmana o no. El Islam también protege el honor, así pues en el Islam el dirigir malas palabras a los demás o el burlarse de ellos no esta permitido. El Profeta Muhammad  dijo:\"Ciertamente vuestra sangre, vuestros bienes, y vuestro honor son inviolables.\"1El racismo no está permitido en el Islam, pues el Corán habla de la igualdad entre los hombres en los siguientes términos::¡Hombres! Os hemos creado a partir de un varón y de una hembra y os hemos hecho pueblos y tribus distintos para que os reconocierais unos a otros. Y en verdad que el más noble de vosotros ante Allah es el que más le teme.2\r\n  Allah es conocedor y está perfectamente informado.El Islam rechaza la idea del favorecimiento de ciertos individuos o naciones debido a sus riquezas, poder o raza. Dios creó a los seres humanos como seres iguales que deberán ser distinguidos entre si tan solo basados en la piedad y la fe. El Profeta Muhammad  dijo:¡Oh gente! Vuestro Dios es uno y vuestro ancestro (Adán) es uno. Un árabe no es mejor que un no árabe, y un no árabe no es mejor que un árabe, y una persona roja no es mejor que una persona negra y una persona negra no es mejor que una roja,3\r\n excepto por la piedad.4Uno de los principales problemas que confronta la humanidad hoy en día es el racismo.  El mundo desarrollado puede mandar a un hombre a la luna, pero no puede hacer que el hombre deje de odiar y luchar contra su semejante. Desde la época del profeta , el Islam ha sido un vívido ejemplo de como el racismo puede ser acabado. El peregrinaje anual a la Meca (Hayy) nos muestra la verdadera hermandad islámica de todas las razas y naciones, cuando cerca de dos millones de musulmanes de todas partes de mundo se reúnen en la Meca para realizar el peregrinaje.El Islam es una religión de justicia. Dios dice:Allah os ordena devolver los depósitos a sus dueños y que cuando juzguéis entre los hombres lo hagáis con justicia. ¡Qué bueno es aquello a lo que Allah os exhorta!....Y también dijo:...Sed justos, pues Allah ama a quienes establecen la justicia.Debemos ser justos hasta con aquellos que odiamos, tal y como lo dijo Dios:...¡Vosotros que creéis! Sed firmes a favor de Allah, dando testimonio con equidad. Y que el odio que podáis sentir por unos, no os lleve al extremo de no ser justos. ¡Sed justos! Eso se acerca más a la temerosidad...El Profeta Muhammad  dijo:\"¡Oh gentes! Cuidaos de la injusticia5\r\n pues la injusticia será oscuridad el Día del Juicio.6Y aquellos que no han recibido lo que por derecho les corresponde (es decir, sobre lo que tienen un justo reclamo) en esta vida, lo recibirá en el Día del Juicio, como el Profeta  dijo:\"En el Día del Juicio, los derechos serán restituidos a aquellos que fueran desposeídos (de los mismos)...7"
      },
      {
        "Title": "¿Cuál es la posición de la mujer en el Islam?",
        "Paragraphs": "El Islam ve a la mujer, ya sea casada o soltera, como un individuo con sus propios derechos, con el derecho de poseer y disponer de sus bienes e ingresos sin ningún tipo de tutoría sobre ella (ya sea este su padre, esposo o cualquier otra persona). Tiene el derecho de comprar y vender,dar regalos y caridad y puede gastar su dinero como le plazca. Una dote matrimonial le es dada a la novia por parte del novio para su uso personal y la misma mantiene su propio apellido en vez de tomar el de su esposo.El Islam incita al marido a tratar bien a su esposa, como dijo el profeta Muhammad :Los mejores de entre vosotros son aquellos que mejor tratan a sus esposas.1Las madres en el Islam son altamente honradas. El Islam recomienda que se las trate de la mejor manera.\"Un hombre vino al profeta Muhammad  y le dijo:\"،Oh, mensajero de Dios! ¿Quién de entre toda la gente es quien más merece el mejor cuidado (y compañía)?\"El Profeta  dijo:Tu madre} el hombre dijo, \"Después (de ella) ¿Quién?\"el Profeta  dijo:Después tu madre}. El hombre nuevamente inquirió \"Después ¿Quién?\"El Profeta  le dijo:Después tu madre} El hombre volvió a preguntar; \"Después ¿Quién?\" El Profeta  dijo: {Después tu padre.2"
      },
      {
        "Title": "La familia en el Islam",
        "Paragraphs": "La familia, que es la unidad básica de la civilización se esta desintegrando hoy en día. El sistema familiar islámico le da a los derechos del marido, la esposa, los hijos y parientes un equilibrio perfecto. Fomenta el comportamiento no egoísta, la generosidad y el amor en el marco de un bien organizado sistema familiar. La paz y seguridad que ofrece una unidad familiar estable es altamente apreciada, y es considerada como esencial para el crecimiento espiritual de sus miembros. Un armonioso orden social se crea con la existencia de familias con una relación duradera, y la valoralización de los hijos."
      },
      {
        "Title": "¿Cómo es que los musulmánes tratan a los ancianos?",
        "Paragraphs": "En el mundo islámico, uno raramente encuentra asilos o instituciones destinadas al cuidado de los ancianos. El esfuerzo de cuidar a los padres en esta dificilísima etapa de su vida es considerado un honor, una bendición y una oportunidad de crecimiento espiritual muy grande. En el Islam, no es suficiente que tan solo oremos por nuestros padres, sino que debemos tratarlos con una ilimitada compasión, recordando que cuando éramos unos niños desvalidos ellos nos prefirieron a si mismos. Las madres son particularmente honradas. Cuando los padres musulmanes alcanzan la senilidad, son tratados con misericordia, gentileza y desprendimiento.En el Islam, el servir a los padres es una obligación que viene después de la oración, y es derecho de los mismos el esperarla de los hijos. Es considerado despreciable el expresar cualquier forma de irritación cuando, sin que sea falta de ellos mismos, los ancianos se ponen difíciles.Dios dice:Tu Señor ha ordenado que adoréis sino a Él y que seáis benévolos con vuestros padres. Si uno de ellos o ambos llegan a la vejez, no seáis insolentes con ellos y ni siquiera les digáis: ¡Uf! Y háblales con dulzura y respeto. Trátales con humildad y clemencia, y ruega: ¡Oh, Señor mío! Ten misericordia de ellos como ellos la tuvieron conmigo cuando me educaron siendo pequeño.\""
      },
      {
        "Title": "¿Cuáles son los pilares del Islam?",
        "Paragraphs": "Los cinco pilares del Islam son la esencia misma de la vida de un musulmán: El testimonio de fe, la Oración, dar el Zakat (Ayuda a los pobres), ayunar durante el mes del Ramadán y la peregrinación a la Meca una vez en la vida para aquellos que tengan las posibilidades de hacerlo.En la oración, la persona siente una paz interior, felicidad, que se reconforta, y que Dios está complacido con ella o él. El profeta  dijo,\"¡Oh, Bilal! Confortadnos con la oración.Bilal era uno de los compañeros del Profeta  que estaba encargado de llamar a la gente para la oración.2Las oraciones son realizadas en el amanecer, al medio día, la media tarde, el ocaso y la noche. El musulmán puede realizar la oración en casi todo lugar, tal como campos, fabricas, oficinas, universidades, etc.El porcentaje, que se hace obligatorio sobe el oro, la plata y el dinero en efectivo que haya alcanzado la cantidad (o el equivalente en dinero en el caso del efectivo) aproximada de 85 gramos de oro y que no haya sido utilizado en el transcurso de un año lunar, es del 2.5 por ciento. Nuestras posesiones son purificadas al reservar una pequeña porción de nuestros ingresos para los necesitados, y al igual que al podar un árbol, el corte equilibra y motiva un nuevo crecimiento.Una persona podrá también dar tanto como quiera a manera de limosna o caridad.A pesar de que el ayuno es muy beneficioso para la salud, es considerado (por los musulmanes) principalmente como un método de autopurificación espiritual, pues el abstenerse por si mismo de los confortes de la vida terrenal, aunque sea por un tiempo corto, el ayunante crea una verdadera simpatía por aquellos que sufren el hambre, al mismo tiempo que crece en su vida espiritual.Peregrinos rezando en la mezquita del Haram en Meca. En esta mezquita se encuentra la Kaabah (la construcción negra en la imagen) hacia la cual los musulmanes se dirigen cuando rezan. La Kaabah es el lugar de adoración que Dios mando a los profetas Abraham y su hijo Ismael construir.}Los ritos del Hayy incluyen circunvalar la Kaabah siete veces, ir siete veces entre las dos montañas de Safa y Marwa tal y como lo hizo Hagar madre de Ismael (La paz sea con él) en busca de agua. Después los peregrinos se reúnen en Arafa4\r\n para pedirle a Dios lo que deseen y para pedirle Su misericordia. La imagen de los creyentes con su blancas vestimentas, de pie en la montaña de Arafa pidiendo la misericordia divina nos recuerda cómo será el Día del Juicio.El final del Hayy esta marcado por un festival; Eid-al Adha, que es celebrado con oraciones comunales. Este festival y el del Eid-al-Fitr, que marca el final del mes de Ramadán, son los principales festivales del calendario musulmán."
      },
      {
        "Title": "El Islam en Latinoamérica y España",
        "Paragraphs": "El mensaje monoteísta del Profeta Muhammad  no había cumplido su primer siglo de existencia cuando ya los primeros hispanos aceptaban el Islam como forma de vida en Europa.  En el año 711 EC surgía a la historia la cultura andaluz y los emiratos islámicos del sur de Italia y el mediterráneo occidental le siguieron poco después. Por más de 800 años (dos veces más tiempo del que lleva la presencia ibérica en América) el espíritu islámico trajo luz y tolerancia a la Europa medieval y la llevó de la mano hasta el renacimiento y la modernidad. Es así que las potencias ibéricas que conquistaron y colonizaron América traían un gran bagaje cultural islámico a principios del siglo XVI EC; esto se puede ver hoy en las grandes metrópolis coloniales, sus monumentos y la gran cantidad de términos árabes-islámicos en el castellano y el portugués.A fines del siglo XIX, llegan a las costas de Iberoamérica los primeros emigrantes musulmanes del Medio Oriente. Estos hombres emprendedores lucharon para traspasar su creencia monoteísta a sus descendientes. Así vemos que, a mediados del siglo XX, la segunda generación de musulmanes, asentados en ciudades como San Pablo, Buenos Aires, Caracas y otras ciudades iberoamericanas, va organizándose en centros de difusión de la cultura y la religión islámica. En la segunda mitad del siglo pasado surge el creciente número de latinoamericanos que retornan al Islam como forma de vida. Si contamos las distintas comunidades musulmanas en la península ibérica y Latinoamérica veremos que suman alrededor de dos millones y medio de personas. Sin embargo, el aumento de la población musulmana latinoamericana es constante y vertiginoso. En los EEUU, la comunidad latina musulmana es la que registra el mayor crecimiento en los últimos años; si mantiene esta tendencia, se convertirá en la mayor comunidad musulmana de los EEUU.Los musulmanes latinoamericanos de hoy son parte activa de sus sociedades y enriquecen nuestra diversidad cultural con sus aportes en todos los campos. A lo largo de nuestra América Latina es bien reconocida su capacidad de integración y superación en los campos profesionales, académicos, técnicos y culturales. En todas las capitales y conglomerados urbanos de Latinoamérica, encontramos mezquitas que difunden el Islam, desde México hasta Argentina, incluyendo zonas de menor presencia árabe como Bolivia, Ecuador y Paraguay."
      },
      {
        "Title": "Tus comentarios y sugerencias",
        "Paragraphs": "Si tiene alguna sugerencia o comentario sobre esta página Web o el libro, o si desea más información acerca del Islam, o si necesita ayuda para convertirse al Islam, por favor envíe un e-mail a:"
      },
      {
        "Title": "Referencias",
        "Paragraphs": "Ahrens, C. Donald. 1988. Meteorology Today [Meteorología de Hoy]. 3ra ed. St. Paul: West Publishing Company.Anderson, Ralph K.; y otros. 1978. The Use of Satellite Pictures in Weather Analysis and Forecasting [El uso de Imágenes Satelitales en el Análisis del clima y los pronosticos]. Genova: Secretarial of the World Meteorological Organization.Anthes, Richard A.; John J. Cahir; Alistair B. Fraser; y Hans A. Panofsky. 1981. The Atmosphere [La Atmosfera]. 3ra ed. Columbus: Charles E. Merrill Publishing Company.Barker, Kenneth; y otros. 1985. The NIV Study Bible, New International Version [La Biblia NIV de Estudio, Nueva Versión Internacional]. Grand Rapids, Michigan: Zondervan Publishing House.Bodin, Svante. 1978. Weather and Climate [El tiempo y el Clima]. Poole, Dorest: Blandford Press Ltd.Cailleux, Andre\u0027. 1968. Anatomy of the Earth [Anatomia de la Tierra]. Londres: World University Library.Couper, Heather; y Nigel Henbest. 1995. The Space Atlas [El Atlas del Espacio]. Londres: Dorling Kindersley Limited.Davis, Richard A., Jr. 1972. Principles of Oceanography [Principios de Oceanografia]. Don Mills, Ontario: Addison-Wesley Publishing Company.Douglas, J. D.; y Merrill C. Tenney. 1989. NIV Compact Dictionary of the Bible [Diccionario Compacto de la Biblia NIV]. Grand Rapids, Michigan: Zondervan Publishing HouseElder, Danny; y John Pernetta. 1991. Oceans [Los Oceanos]. Londres: Mitchell Beazley Publishers.Famighetti, Robert. 1996. The World Almanac and Book of Facts 1996 [El Almanaque Mundial 1996]. Mahwah, New Jersey: World Almanac Books.Gross, M. Grant. 1993. Oceanography, a View of Earth [Oceanografía, una Perspectiva de la Tierra]. 6ta ed. Englewood Cliffs: Prentice-Hall, Inc.Hickman, Cleveland P.; y otros. 1979. Integrated Principles of Zoology [Principios Integrados de Zoologia]. 6ta ed. St. Louis: The C. V. Mosby Company.Al-Hilali, Muhammad T.; y Muhammad M. Khan. 1994. Interpretation of the Meanings of The Noble Quran in the English Language [Interpretación de los significados del Noble Corán en idioma inglés]. 4ta ed. revisada Riyadh: Maktaba Dar-us-Salam.The Holy Bible, Containing the Old and New Testaments (Revised Standard Version) [La Santa Biblia, con Antiguo y Nuevo Testamentos (Version Revisada Standar)]. 1971. New York: William Collins Sons \u0026 Co., Ltd.Ibn Hisham, Abdul-Malik. Al-Serah Al-Nabaweiah. Beirut: Dar El-Marifah.Departamento de Asuntos Islámicos, Embajada de Arabia Saudita, Washington, DC. 1989. Understanding Islam and the Muslims [Entendiendo al Islam y los Musulmanes]. Washington, DC: The Islamic Affairs Department, The Embassy of Saudi Arabia.Kuenen, H. 1960. Marine Geology [Geología Marina]. New York: John Wiley \u0026 Sons, Inc.Leeson, C. R.; y T. S. Leeson. 1981. Histology [Histología]. 4ta ed. Philadelphia: W. B. Saunders Company.Ludlam, F. H. 1980. Clouds and Storms [Nubes y Tormentas]. Londres: The Pennsylvania State University Press.Makky, Ahmad A.; y otros. 1993. I\u0027yaz al-Quran al-Karim fi Wasf Anwa\u0027 al-Riah, al-Suhub, al-Matar. La Meca: Commission on Scientific Signs of the Quran and Sunnah.Miller, Albert; y Jack C. Thompson. 1975. Elements of Meteorology [Elementos de Meteorología]. 2da ed. Columbus: Charles E. Merrill Publishing Company.Moore, Keith L.; E. Marshall Johnson; T. V. N. Persaud; Gerald C. Goeringer; Abdul-Majeed A. Zindani; y Mustafa A. Ahmed. 1992. Human Development as Described in the Quran and Sunnah [El Desarrollo Humano como fuera descrito en el Corán y la Sunnah]. La Meca: Commission on Scientific Signs of the Quran and Sunnah.Moore, Keith L.; A. A. Zindani; y otros. 1987. Al-I\u0027yaz al-\u0027Ilmi fi al-Nasiah (The scientific Miracles in the Front of the Head) [Los Milagros científicos de la frente de la Cabeza]. La Meca: Commission on Scientific Signs of the Quran and Sunnah.Moore, Keith L. 1983. The Developing Human, Clinically Oriented Embryology, With Islamic Additions [El Humano en Desarrollo, Embriología orientada clínicamente, con Adiciones Islámicas]. 3ra ed. Jeddah: Dar Al-Qiblah.Moore, Keith L.; y T. V. N. Persaud. 1993. The Developing Human, Clinically Oriented Embryology [El Humano en Desarrollo, Embriología orientada clínicamente]. 5ta ed. Philadelphia: W. B. Saunders Company.El-Naggar, Z. R. 1991. The Geological Concept of Mountains in the Quran [El concepto geológico de las Montañas en el Corán]. 1ra ed. Herndon: International Institute of Islamic Thought.Neufeldt, V. 1994. Webster\u0027s New World Dictionary [Diccionario Webster]. Third College Edition. New York: Prentice Hall.The New Encyclopaedia Británica [La Nueva Enciclopedia Británica]. 1981. 15ta ed. Chicago: Encyclopaedia Britannica, Inc.Noback, Charles R.; N. L. Strominger; y R. J. Demarest. 1991. The Human Nervous System, Introduction and Review [El Sistema Nervioso Humano, Introducción y Revisión]. 4ta ed. Philadelphia: Lea \u0026 Febiger.Ostrogorsky, George. 1969. History of the Byzantine State [Historia del Estado Bizantino]. Traducido del idioma Alemán por Joan Hussey. Ed. Revisada, New Brunswick: Rutgers University Press.Press, Frank; y Raymond Siever. 1982. Earth [La Tierra]. 3ra ed. San Francisco: W. H. Freeman and Company.Ross, W. D.; y otros. 1963. The Works of Aristotle Translated into English: Meteorologica [La Obra de Aristoteles traducida al idioma inglés:Meteorologica]. vol. 3. Londres: Oxford University Press.Scorer, Richard; y Harry Wexler. 1963. A Colour Guide to Clouds [Una Guía Colorida de las nubes]. Robert Maxwell.Seeds, Michael A. 1981. Horizons, Exploring the Universe [Horizontes, explorando el Universo]. Belmont: Wadsworth Publishing Company.Seeley, Rod R.; Trent D. Stephens; y Philip Tate. 1996. Essentials of Anatomy \u0026 Physiology [Anatomia y fisiologia Escencial]. 2da ed. St. Louis: Mosby-Year Book, Inc.Sykes, Percy. 1963. History of Persia [Historia de Persia]. 3ra ed. London: Macmillan \u0026 CO Ltd.Tarbuck, Edward J.; y Frederick K. Lutgens. 1982. Earth Science [Ciencia de la Tierra]. 3ra ed. Columbus: Charles E. Merrill Publishing Company.Thurman, Harold V. 1988. Introductory Oceanography [Oceanografía Introductoria]. 5ta ed. Columbus: Merrill Publishing Company.Weinberg, Steven. 1984. The First Three Minutes, a Modern View of the Origin of the Universe [Los Primeros tres minutos, una opinión moderna sobre el Origen del universo]. 5ta impresión. New York: Bantam Books.Al-Zarkashy, Badr Al-Din. 1990. Al-Burhan fi \u0027Ulum Al-Quran. 1ra ed. Beirut: Dar El-Marefah.Zindani, A. A. This is the Truth [Esta es la verdad] (cinta de video). La Meca: Commission on Scientific Signs of the Quran and Sunnah.La numeración de los Hadices:La numeración de los Hadiz1\r\n en este libro está basada en las sigtes. numeraciones:Sahih Muslim: de acuerdo a la numeración de Muhammad F. Abdul-Baqi.Sahih Al-Bujari: de acuerdo a la numeración de Fath Al-Bari.Al-Tirmidhi: de acuerdo a la numeración de Ahmad Shaker.Musnad Ahmad: de acuerdo a la numeración de Dar Ihia\u0027 Al-Turaz Al-Arabi, Beirut.Muwatta\u0027 Malik: de acuerdo a la numeración de Muwatta\u0027 Malik.Abu-Dawud: de acuerdo a la numeración de Muhammad Muhi Al-Din Abdul-Hamid.Ibn Mayah: de acuerdo a la numeración de Muhammad F. Abdul-BaqiAl-Darimi: de acuerdo a la numeración de Jalid Al-Saba Al-Alami y Fawwaz Ahmad Zamarli."
      },
      {
        "Title": "Sobre los Editores",
        "Paragraphs": "Autor:I. A. IbrahimTraductor (del Inglés al Español):Anas Amer QuevedoEditores Generales de la versión inglesa:Dr. William (Dawud) PeachyMichael (Abdul-Hakim) ThomasTony (Abu-Jalil) SylvesterIdris PalmerJamaal ZarabozoAli Al TimimiEditores Científicos de la edición inglesa:Profesor Harold Stewart KuofiProfesor F. A. StateProfesor Mahyub O. TahaProfesor Ahmad AllamProfesor Salman SultanProfesor Asociado H. O. Sindi"
      },
      {
        "Title": "Derechos Reservados",
        "Paragraphs": "Derechos Reservados:Copyright © 1996-2002 I. A. Abu-Harb.Todos los derechos reservados.  Ninguna parte de este web site o el libro titulado A Brief Illustrated Guide To Understanding Islam puede ser reproducida o utilizada en cualquier forma o medio, electrónico o mecanizado, incluyendo fotocopias o grabaciones o por cualquier medio de almacenaje de información y sistema de recuperación, sin el previo permiso por escrito del autor.Para reimprimir este libro:El reimprimir, reproducir, o copiar el contenido en español de este web site o cualquiera de sus páginas no esta permitido por el momento, ya que aún se encuentra bajo revisión.  Cuando terminemos de revisarlo, permitiremos su copia bajo las siguientes condiciones:(1) Que no sea introducido absolutamente ningún cambio, adición, u omisión en él(2) Incluir el siguiente texto y link al final de cada página web con un tamaño de letra de por lo menos 3 (12 pt):Información de publicación de la versión en inglés del libro:Abajo esta la información de publicación del libro, A Brief Illustrated Guide To Understanding Islam:ISBN: 9960-34-011-2Library of Congress Catalog Card Number: 97-67654Publicado por Darussalam, Publishers and Distributors, Houston, Texas, USA."
      }
    ]
  }
}
