{
   "courses": [
      {
         "title": "Aprende el Corán",
         "description": "",
         "lessons": [
            {
               "header": "Introducción",
               "nestedTopics": [
                  {
                     "title": "Los beneficios de aprender Corán",
                     "body": "\n\n🌸🌸🌸▪️🌸🌸🌸▪️🌸🌸🌸\nBeneficios de estudiar el Corán\n⬇️⬇️⬇️▪️⬇️⬇️⬇️▪️⬇️⬇️⬇️ \n   \n👉🌸Hay muchos beneficios que uno puede obtener al estudiar el Corán:\nPodemos ganar bendiciones. Simplemente por lograr las virtudes adquiridas por la lectura y el aprendizaje del libro de Al-lah, podemos ganar muchas bendiciones. ‘Uzman ibn Affan relató que el Profeta, sallallahu ‘alaihi wa sallam, dijo: “El mejor entre ustedes es aquel que aprende el Corán y lo enseña” [Bujari].\n    \n👉🌸Podemos alcanzar plenamente su objetivo. Al-lah ha enviado el Corán para que pensemos en sus palabras. Al-lah dice (lo que se interpreta en español): {Este es el Libro bendito [el Sagrado Corán] que te revelamos [¡oh, Muhammad!] para que mediten sobre sus preceptos, y recapaciten los dotados de intelecto} [Corán 38:29]. Sin embargo, la profundidad de la reflexión y la fuerza del recordatorio dependen del conocimiento que uno tenga de lo que lee.\n    \n👉🌸Podemos incrementar nuestra fe en Al-lah. Estudiando el Corán, uno puede incrementar su aprecio por la belleza y la magnificencia que tiene, así como por los sentidos y la guía que revela. La lectura y el entendimiento de las palabras de Al-lah le permite a uno experimentar una cercanía con su Señor que es inigualable por cualquier otra forma de adoración. \n\n👉🌸Mientras mayor sea el entendimiento que uno tenga de lo que lee, mayor será la fe que llenará su corazón y su mente.\n\n⬇️🌸⬇️\n\n👉🌸Fortalece nuestro vínculo con el Corán. \n\n👉🌸Cuando nos damos cuenta de la naturaleza milagrosa del Corán, su uso poderoso del lenguaje y la gran riqueza de temas en tantas áreas (ciencias, psicología e historia) lo tratamos con el debido respeto y lo abordamos con más devoción, con la mente abierta y el corazón blando.\n\n👉🌸 Esto, a su vez, resulta en el desarrollo de una relación diaria con las palabras de nuestro Creador.\n    \n👉🌸Nos permite conocer el Islam y ser mejores musulmanes. El aprecio por el conocimiento infinito en el Corán nos da la humildad que necesitamos para ser mejores siervos de Al-lah. Estudiar las ciencias del Corán nos ayuda a entender mejor la guía que contiene, haciendo más fácil para el corazón disipar las dudas puestas por Satanás. También nos ayuda a llevar una vida que es amada por nuestro Señor.\n    \n👉🌸Nos ayuda a transmitírselo a otros y a defenderlo de acusaciones falsas. Tener conocimiento del Corán nos permite transmitírselo a otros, sean musulmanes o no.\n\n👉🌸 Podemos entonces enseñárselo y explicárselo a ellos, cumpliendo así una noble labor que Al-lah nos ha confiado, puesto que difundir el Mensaje de Al-lah a la humanidad solía ser un trabajo único de los Profetas, la paz sea con ellos, pero Al-lah los selló con Muhammad, sallallahu ‘alaihi wa sallam. Sin embargo, no debemos tratar de difundir el mensaje sin tener el conocimiento apropiado. Además, el estudio del Corán nos permite defenderlo contra aquellos que buscan distorsionar su mensaje, ya sea por malicia o por ignorancia.\n\n🌸🌸🌸🌷🌸🌸🌸🌸\n\nDe Abd Allah ibn Amr que el Mensajero de Allah ﷺ dijo:\n\n“Se les dirá al compañero del Corán (es decir, a quien lo memorizó y estudió):\n“Lea, avance en estatus y recite como solía hacerlo en el mundo, porque su estatus será acorde al último verso que recite”.\nTarmazi\n\nEl Corán, Las Buenas Acciones\nDe Uzman Ibn Affán que el Mensajero de Allah ﷺ dijo:\n\n“El mejor de ustedes es quien aprende el Corán y lo enseña.”\nBujari\n\n\nDe Aisha que el Mensajero de Allah ﷺ dijo:\n\n“Quien recita el Corán y lo memoriza, estará con los nobles y rectos escribas (en el Paraíso) y quien se esfuerza en ello con gran dificultad, tendrá el doble de recompensa\nBujari y muslim"
                  },
                  {
                     "title": "Introducción",
                     "body": "Assalamualaikum\n\n Insha'allah vamos a empezar\n notas\n\n tengo muchos deberes que hacer por eso me estoy olvidando mucho\n\n Así que perdóname si envías un mensaje y no contesto porque será porque se me está olvidando contestarlo.\n Así que por favor envíamelo de nuevo.\n\n Lo segundo te enseñaré individualmente, no para que el grupo sea más fácil para ti, para eso recuerda que Allah es nuestro tercero y escucha y mira el chat.\n\n Tercero, te enviaré cada verso en un pequeño video para mí.\n El video contiene la forma de pronunciar el ayah en letras latinas.\n Pero tenga cuidado de no basar su aprendizaje en estas letras porque los idiomas latinos son más débiles que el árabe.\n Así que estas letras solo te ayudarán a entender la pronunciación.\n\n\n Construya y dependa en su aprendizaje de la pronunciación árabe.\n\n\n Después de que termines de memorizar y recitar el ayah (verso), envíalo en voz para corregirlo por ti.\n\n\n Enviaré un video al principio que describe los símbolos que uso en los videos."
                  },
                  {
                     "title": "La clava",
                     "video": "https://youtu.be/WqsrwZ0Lc1g",
                     "body": "🔑🇪🇸\nLa clave de la pronunciación\n Explique algunos símbolos utilizados en los videos para facilitar la comprensión de los sonidos de pronunciación."
                  },
                  {
                     "title": "Repetir estas palabras es muy necesario antes de comenzar el Corán.",
                     "video": "https://youtu.be/_w7MXT3BY2I",
                     "body": "Cuando recites el Corán refúgiate en Dios del demonio maldito.\nCorán 16:98"
                  },
                  {
                     "title": "Para practicar tus pronunciación",
                     "body": "Envía a mi en whatsapp\n\nWa.me/+201110371247\nWa.me/+201090578754"
                  }
               ]
            },
            {
               "header": "Surat Al-fateha (1)",
               "nestedTopics": [
                  {
                     "title": "Ayah 1/7",
                     "video": "https://youtu.be/WaKXWys-jDg",
                     "body": "Sura 1 - Ayat 1\n\nبِسْمِ ٱللَّهِ ٱلرَّحْمَـٰنِ ٱلرَّحِيمِ\n🇪🇸\nEn el nombre de Dios, el Compasivo con toda la creación, el Misericordioso con los creyentes"
                  },
                  {
                     "title": "Ayah 2/7",
                     "video": "https://youtu.be/zx1CGBsKk84",
                     "body": "Sura 1 - Ayat 2\n\nٱلْحَمْدُ لِلَّهِ رَبِّ ٱلْعَـٰلَمِينَ\n🇪🇸\nTodas las alabanzas son para Dios, Señor de todo cuanto existe, "
                  },
                  {
                     "title": "Ayah 3/7",
                     "video": "https://youtu.be/80vR79KOKsQ",
                     "body": "Sura 1 - Ayat 3\n\nٱلرَّحْمَـٰنِ ٱلرَّحِيمِ\n🇪🇸\nel Compasivo, el Misericordioso. "
                  },
                  {
                     "title": "Ayah 4/7",
                     "video": "https://youtu.be/jIJCMhgVDro",
                     "body": "Sura 1 - Ayat 4\n\nمَـٰلِكِ يَوْمِ ٱلدِّينِ\n🇪🇸\nSoberano absoluto del Día del Juicio Final, "
                  },
                  {
                     "title": "Ayah 5/7",
                     "video": "https://youtu.be/XoZcV6N37f4",
                     "body": "Sura 1 - Ayat 5\n\nإِيَّاكَ نَعْبُدُ وَإِيَّاكَ نَسْتَعِينُ\n🇪🇸\nsolo a Ti te adoramos y solo de Ti imploramos ayuda. \n. "
                  },
                  {
                     "title": "Ayah 6/7",
                     "video": "https://youtu.be/OPmxZ7BKkD8",
                     "body": "Sura 1 - Ayat 6\n\nٱهْدِنَا ٱلصِّرَٲطَ ٱلْمُسْتَقِيمَ\n🇪🇸\n¡Guíanos por el camino recto! "
                  },
                  {
                     "title": "Ayah 7/7",
                     "video": "https://youtu.be/TJhDMSrcdJU",
                     "body": "Sura 1 - Ayat 7\n\nصِرَٲطَ ٱلَّذِينَ أَنْعَمْتَ عَلَيْهِمْ غَيْرِ ٱلْمَغْضُوبِ عَلَيْهِمْ وَلَا ٱلضَّآلِّينَ\n🇪🇸\nEl camino de los que has colmado con Tus favores, no el de los que han caído en Tu ira, ni el de los que se extraviaron. "
                  },
                  {
                     "title": "La sura completa",
                     "video": "https://youtu.be/pO5dgZrM9Mk",
                     "body": "Para practicar\nEnvía a mi en whatsapp\n\nWa.me/+201110371247\nWa.me/+201090578754"
                  }
               ]
            },
            {
               "header": "Surat An-Nas (114)",
               "nestedTopics": [
                  {
                     "title": "Ayah 1/6",
                     "video": "https://youtu.be/fiGGtekxEL0",
                     "body": "Sura 114 - Ayat 1\n\nقُلْ أَعُوذُ بِرَبِّ ٱلنَّاسِ\n🇪🇸\nDi: “Me refugio en el Señor de los seres humanos,"
                  },
                  {
                     "title": "Ayah 2/6",
                     "video": "https://youtu.be/wZ759f3HWv0",
                     "body": "Sura 114 - Ayat 2\n\nمَلِكِ ٱلنَّاسِ\n🇪🇸\nen el Rey Soberano de los seres humanos, "
                  },
                  {
                     "title": "Ayah 3/6",
                     "video": "https://youtu.be/Kk_v8kJXLs4",
                     "body": "Sura 114 - Ayat 3\n\nإِلَـٰهِ ٱلنَّاسِ\n🇪🇸\nen el [único] Dios de los seres humanos, "
                  },
                  {
                     "title": "Ayah 4/6",
                     "video": "https://youtu.be/CnFJocaNeyI",
                     "body": "Sura 114 - Ayat 4\n\nمِن شَرِّ ٱلْوَسْوَاسِ ٱلْخَنَّاسِ\n🇪🇸\nde la maldad del [demonio] susurrador que huye [cuando el nombre de Dios es mencionado],"
                  },
                  {
                     "title": "Ayah 5/6",
                     "video": "https://youtu.be/sF25eb_6dZ8",
                     "body": "Sura 114 - Ayat 5\n\nٱلَّذِى يُوَسْوِسُ فِى صُدُورِ ٱلنَّاسِ\n🇪🇸\nque susurra en los corazones de los seres humanos, "
                  },
                  {
                     "title": "Ayah 6/6",
                     "video": "https://youtu.be/KiZOn-3WGi8",
                     "body": "Sura 114 - Ayat 6\n\nمِنَ ٱلْجِنَّةِ وَٱلنَّاسِ\n🇪🇸\ny existe entre los yinn y entre los seres humanos”. "
                  },
                  {
                     "title": "La sura completa",
                     "video": "https://youtu.be/4dow3ousy8g",
                     "body": "Para practicar\nEnvía a mi en whatsapp\n\nWa.me/+201110371247\nWa.me/+201090578754"
                  }
               ]
            },
            {
               "header": "Surat Al-falaq (113)",
               "nestedTopics": [
                  {
                     "title": "Ayah 1/5",
                     "video": "https://youtu.be/ydFmIZITGnw",
                     "body": "Sura 113 - Ayat 1\n\nقُلْ أَعُوذُ بِرَبِّ ٱلْفَلَقِ\n🇪🇸\nDi: “Me refugio en el Señor del amanecer,"
                  },
                  {
                     "title": "Ayah 2/5",
                     "video": "https://youtu.be/-nNa35cu2cs",
                     "body": "Sura 113 - Ayat 2\n\nمِن شَرِّ مَا خَلَقَ\n🇪🇸\nde todo el mal que existe en lo que Él creó"
                  },
                  {
                     "title": "Ayah 3/5",
                     "video": "https://youtu.be/Ij6UybA_XWk",
                     "body": "Sura 113 - Ayat 3\n\nوَمِن شَرِّ غَاسِقٍ إِذَا وَقَبَ\n🇪🇸\ndel mal de la oscuridad de la noche cuando se extiende, "
                  },
                  {
                     "title": "Ayah 4/5",
                     "video": "https://youtu.be/Oz_4YH3A19g",
                     "body": "Sura 113 - Ayat 4\n\nوَمِن شَرِّ ٱلنَّفَّـٰثَـٰتِ فِى ٱلْعُقَدِ\n🇪🇸\ndel mal de las [hechiceras] sopladoras de nudos"
                  },
                  {
                     "title": "Ayah 5/5",
                     "video": "https://youtu.be/UPA_PSsrb5Y",
                     "body": "Sura 113 - Ayat 5\n\nوَمِن شَرِّ حَاسِدٍ إِذَا حَسَدَ\n🇪🇸\ny del mal del envidioso cuando envidia”. "
                  },
                  {
                     "title": "La sura completa",
                     "video": "https://youtu.be/CzZSXhiGIxI",
                     "body": "Para practicar\nEnvía a mi en whatsapp\n\nWa.me/+201110371247\nWa.me/+201090578754"
                  }
               ]
            },
            {
               "header": "Surat al-E(5)las (112)",
               "nestedTopics": [
                  {
                     "title": "Ayah 1/4",
                     "video": "https://youtu.be/x5azlm0TN3Y",
                     "body": "Sura 112 - Ayat 1\n\nقُلْ هُوَ ٱللَّهُ أَحَدٌ\n‌🇪🇸⁩\nDi: “Me refugio en el Señor del amanecer"
                  },
                  {
                     "title": "Ayah 2/4",
                     "video": "https://youtu.be/DxBfb3HN5YE",
                     "body": "Surah 112-Ayat 2\n\nاللَّهُ الصَّمَدُ\n🇪🇸\nAl-lah es el Absoluto"
                  },
                  {
                     "title": "Ayah 3/4",
                     "video": "https://youtu.be/66dZI2eyrQ4",
                     "body": "Surah 112-Ayat3\n\nلَمْ يَلِدْ وَلَمْ يُولَدْ (3) \n🇪🇦\nNo engendró ni fue engendrado."
                  },
                  {
                     "title": "Ayah 4/4",
                     "video": "https://youtu.be/-UDAxGAQdXY",
                     "body": "Surah 112-ayat 4\n\nوَلَمْ يَكُنْ لَهُ كُفُوًا أَحَدٌ (4)\n\n\n🇪🇦\nY no hay nada ni nadie que sea semejante a Él”."
                  },
                  {
                     "title": "La sura completa",
                     "video": "https://youtu.be/Bb73UU3tY18",
                     "body": "Para practicar\nEnvía a mi en whatsapp\n\nWa.me/+201110371247\nWa.me/+201090578754"
                  }
               ]
            },
            {
               "header": "Surat Al-Masad (111)",
               "nestedTopics": [
                  {
                     "title": "Ayah 1/5",
                     "video": "https://youtu.be/rOpcRq6tsCE",
                     "body": "Surah111:1\n\nتَبَّتْ يَدَا أَبِي لَهَبٍ وَتَبَّ (1)\n\n🇪🇦\n¡Maldito sea Abu Lahab  y que perezca!"
                  },
                  {
                     "title": "Ayah 2/5",
                     "video": "https://youtu.be/iOhv13xOaq4",
                     "body": "Surat111:2\n\nمَا أَغْنَى عَنْهُ مَالُهُ وَمَا كَسَبَ (2)\n\n🇪🇦\nNo le servirán de nada su poder ni sus bienes materiales."
                  },
                  {
                     "title": "Ayah 3/5",
                     "video": "https://youtu.be/poTviPVrd_Y",
                     "body": "Surat111:3\n\nسَيَصْلَى نَارًا ذَاتَ لَهَبٍ (3)\n\n🇪🇦\nSerá arrojado en el fuego llameante"
                  },
                  {
                     "title": "Ayah 4/5",
                     "video": "https://youtu.be/Nq_Rk5qX_Gg",
                     "body": "Surah 111:4\n\nوَامْرَأَتُهُ حَمَّالَةَ الْحَطَبِ (4) \n\n🇪🇦\njunto con su mujer, la que acarreaba espinas"
                  },
                  {
                     "title": "Ayah 5/5",
                     "video": "https://youtu.be/BqnZkQHV4Ko",
                     "body": "Surah 111:5\n\n فِي جِيدِهَا حَبْلٌ مِنْ مَسَدٍ (5)\n\n🇪🇦\nque llevará en su cuello una cuerda de fibras de palmera."
                  },
                  {
                     "title": "La sura completa",
                     "video": "https://youtu.be/Y4DSs4WBooI",
                     "body": "Para practicar\nEnvía a mi en whatsapp\n\nWa.me/+201110371247\nWa.me/+201090578754"
                  }
               ]
            },
            {
               "header": "Surat An-Nasr (110)",
               "nestedTopics": [
                  {
                     "title": "Ayah 1/3",
                     "video": "https://youtu.be/AvndhqfN-OU",
                     "body": "Surah110:1\n\nإِذَا جَاءَ نَصْرُ اللَّهِ وَالْفَتْحُ (1)\n🇪🇦\n[¡Oh, Muhámmad!] Cuando llegue el socorro de Dios y la victoria"
                  },
                  {
                     "title": "Ayah 2/3",
                     "video": "https://youtu.be/6n5WR_UjpgQ",
                     "body": "Surah 110:2\n وَرَأَيْتَ النَّاسَ يَدْخُلُونَ فِي دِينِ اللَّهِ أَفْوَاجًا (2) \n\n🇪🇦\ny veas a la gente ingresar en masa a la religión de Dios,"
                  },
                  {
                     "title": "Ayah 3/3",
                     "video": "https://youtu.be/4FR6e4erVlI",
                     "body": "Surah 110:3\n\n\nفَسَبِّحْ بِحَمْدِ رَبِّكَ وَاسْتَغْفِرْهُ إِنَّهُ كَانَ تَوَّابًا (3)\n🇪🇦\nglorifica alabando a tu Señor y pide Su perdón; Él es Indulgente."
                  },
                  {
                     "title": "La sura completa",
                     "video": "https://youtu.be/Hv08gzuW7QE",
                     "body": "Para practicar\nEnvía a mi en whatsapp\n\nWa.me/+201110371247\nWa.me/+201090578754"
                  }
               ]
            },
            {
               "header": "Surat Al-Kaferun (109)",
               "nestedTopics": [
                  {
                     "title": "Ayah 1/6",
                     "video": "https://youtu.be/XtuZqi_FSVc",
                     "body": "Surah109:1\n\nقُلْ يَا أَيُّهَا الْكَافِرُونَ (1)\n\n🇪🇦\nDi: “¡Oh, incrédulos!"
                  },
                  {
                     "title": "Ayah 2/6",
                     "video": "https://youtu.be/o_ZO-bf0uDA",
                     "body": "Surah 109:2\n\n لَا أَعْبُدُ مَا تَعْبُدُونَ (2\n🇪🇦\nNo adoro lo que adoráis."
                  },
                  {
                     "title": "Ayah 3/6",
                     "video": "https://youtu.be/Q2zK1PNyvFQ",
                     "body": "Surah 109:3\nوَلَا أَنْتُمْ عَابِدُونَ مَا أَعْبُدُ (3)\n\n🇪🇦\nNi vosotros adoráis a Quien yo adoro."
                  },
                  {
                     "title": "Ayah 4/6",
                     "video": "https://youtu.be/d-b0WxijqmE",
                     "body": "Surah 109:4\n وَلَا أَنَا عَابِدٌ مَا عَبَدْتُمْ (4) \n\n🇪🇦\nY jamás adoraré lo que adoráis."
                  },
                  {
                     "title": "Ayah 5/6",
                     "video": "https://youtu.be/uwvLuuu3rtw",
                     "body": "Surah 109:5\nوَلَا أَنْتُمْ عَابِدُونَ مَا أَعْبُدُ (5)\n\n🇪🇦\nNi vosotros adoráis a Quien yo adoro."
                  },
                  {
                     "title": "Ayah 6/6",
                     "video": "https://youtu.be/zLzSmGsPABw",
                     "body": "Surah 109:6\n\n            لَكُمْ دِينُكُمْ وَلِيَ دِينِ (6)\n\n🇪🇦\nVosotros tenéis vuestra religión y yo la mía”."
                  },
                  {
                     "title": "La sura completa",
                     "video": "https://youtu.be/UvZ7at4xA-8",
                     "body": "Para practicar\nEnvía a mi en whatsapp\n\nWa.me/+201110371247\nWa.me/+201090578754"
                  }
               ]
            },
            {
               "header": "SURAT AL-KAW(TH°)AR  (108)",
               "nestedTopics": [
                  {
                     "title": "Ayah 1/3",
                     "video": "https://youtu.be/uq542EGk3lc",
                     "body": ".Sura 108 - Ayat 1\n\nإِنَّآ أَعْطَيْنَـٰكَ ٱلْكَوْثَرَ\n🇪🇸\n[¡Oh, Muhámmad!] te he agraciado con la abundancia"
                  },
                  {
                     "title": "Ayah 2/3",
                     "video": "https://youtu.be/Eg5MqQZsO6Y",
                     "body": "Sura 108 - Ayat 2\n\nفَصَلِّ لِرَبِّكَ وَٱنْحَرْ\n🇪🇸\nReza a tu Señor y sacrifica [los animales en Su nombre]. "
                  },
                  {
                     "title": "Ayah 3/3",
                     "video": "https://youtu.be/YqD2LCeTaW8",
                     "body": "Sura 108 - Ayat 3\n\nإِنَّ شَانِئَكَ هُوَ ٱلْأَبْتَرُ\n🇪🇸\nPorque a quien te desdeñe y odie le privaré de todo bien. "
                  },
                  {
                     "title": "La sura completa",
                     "video": "https://youtu.be/QH9BFAjwLn0",
                     "body": "Para practicar\nEnvía a mi en whatsapp\n\nWa.me/+201110371247\nWa.me/+201090578754"
                  }
               ]
            },
            {
               "header": "SURAT AL MA3OUN (107)",
               "nestedTopics": [
                  {
                     "title": "Ayah 1/7",
                     "video": "https://youtu.be/n4JjrCuSSrg",
                     "body": "Sura 107 - Ayat 1\n\nأَرَءَيْتَ ٱلَّذِى يُكَذِّبُ بِٱلدِّينِ\n🇪🇸\n¿Acaso has observado a quien desmiente el Día del Juicio? "
                  },
                  {
                     "title": "Ayah 2/7",
                     "video": "https://youtu.be/Xn-3zlteID8",
                     "body": "Sura 107 - Ayat 2\n\nفَذَٲلِكَ ٱلَّذِى يَدُعُّ ٱلْيَتِيمَ\n🇪🇸\nEs quien rechaza al huérfano "
                  },
                  {
                     "title": "Ayah 3/7",
                     "video": "https://youtu.be/BxIC8n0NXO8",
                     "body": "Sura 107 - Ayat 3\n\nوَلَا يَحُضُّ عَلَىٰ طَعَامِ ٱلْمِسْكِينِ\n🇪🇸\ny no exhorta a alimentar al pobre. "
                  },
                  {
                     "title": "Ayah 4/7",
                     "video": "https://youtu.be/yBNWEDjJd0M",
                     "body": "Sura 107 - Ayat 4\n\nفَوَيْلٌ لِّلْمُصَلِّينَ\n🇪🇸\n¡Ay de los orantes "
                  },
                  {
                     "title": "Ayah 5/7",
                     "video": "https://youtu.be/DDC1VJbVd-Q",
                     "body": "Sura 107 - Ayat 5\n\nٱلَّذِينَ هُمْ عَن صَلَاتِهِمْ سَاهُونَ\n🇪🇸\nque son negligentes en sus oraciones [realizándolas fuera de su horario]"
                  },
                  {
                     "title": "Ayah 6/7",
                     "video": "https://youtu.be/zN3P9ykIhAk",
                     "body": "Sura 107 - Ayat 6\n\nٱلَّذِينَ هُمْ يُرَآءُونَ\n🇪🇸\ny solo las realizan para hacerse ver"
                  },
                  {
                     "title": "Ayah 7/7",
                     "video": "https://youtu.be/_cEc1ymXcyM",
                     "body": "Sura 107 - Ayat 7\n\nوَيَمْنَعُونَ ٱلْمَاعُونَ\n🇪🇸\ny se niegan a prestar hasta la mínima ayuda! "
                  },
                  {
                     "title": "La sura completa",
                     "video": "https://youtu.be/xRdGaHg32A8",
                     "body": "Para practicar\nEnvía a mi en whatsapp\n\nWa.me/+201110371247\nWa.me/+201090578754"
                  }
               ]
            },
            {
               "header": "SURAT QURAYSH (106)",
               "nestedTopics": [
                  {
                     "title": "Ayah 1/4",
                     "video": "https://youtu.be/AmBzHDg5Y88",
                     "body": "Sura 106 - Ayat 1\n\nلِإِيلَـٰفِ قُرَيْشٍ\n🇪🇸\nLe proporcioné seguridad a [la tribu de] Quraish, "
                  },
                  {
                     "title": "Ayah 2/4",
                     "video": "https://youtu.be/7nFcWiPjxZY",
                     "body": "Sura 106 - Ayat 2\n\nإِۦلَـٰفِهِمْ رِحْلَةَ ٱلشِّتَآءِ وَٱلصَّيْفِ\n🇪🇸\ne hice que sus caravanas en invierno [al Yemen] y en verano [a Siria] fueran respetadas. "
                  },
                  {
                     "title": "Ayah 3/4",
                     "video": "https://youtu.be/sgXY0UvvZ4E",
                     "body": "Sura 106 - Ayat 3\n\nفَلْيَعْبُدُواْ رَبَّ هَـٰذَا ٱلْبَيْتِ\n🇪🇸\nQue adoren y agradezcan, en consecuencia, al Señor de esta Casa [la Ka‘bah], "
                  },
                  {
                     "title": "Ayah 4/4",
                     "video": "https://youtu.be/fPcFnPy2se4",
                     "body": "Sura 106 - Ayat 4\n\nٱلَّذِىٓ أَطْعَمَهُم مِّن جُوعٍ وَءَامَنَهُم مِّنْ خَوْفِۭ\n🇪🇸\nQuien les concedió el sustento para que no sufrieran hambre y les dio seguridad para protegerlos del peligro. "
                  },
                  {
                     "title": "La sura completa",
                     "video": "https://youtu.be/4rqAEnF9bNE",
                     "body": "Para practicar\nEnvía a mi en whatsapp\n\nWa.me/+201110371247\nWa.me/+201090578754"
                  }
               ]
            },
            {
               "header": "SURAT AL-FIl (105)",
               "nestedTopics": [
                  {
                     "title": "Ayah 1/5",
                     "video": "https://youtu.be/DuuQEuIVJ1w",
                     "body": "Sura 105 - Ayat 1\n\nأَلَمْ تَرَ كَيْفَ فَعَلَ رَبُّكَ بِأَصْحَـٰبِ ٱلْفِيلِ\n🇪🇸\n¿No has observado lo que hizo tu Señor con el ejército del elefante? "
                  },
                  {
                     "title": "Ayah 2/5",
                     "video": "https://youtu.be/3EmMF-09CmA",
                     "body": "Sura 105 - Ayat 2\n\nأَلَمْ يَجْعَلْ كَيْدَهُمْ فِى تَضْلِيلٍ\n🇪🇸\n¿No has visto cómo desbarató sus planes [de destruir la Ka‘bah]? "
                  },
                  {
                     "title": "Ayah 3/5",
                     "video": "https://youtu.be/4LfAEVS7Q2E",
                     "body": "Sura 105 - Ayat 3\n\nوَأَرْسَلَ عَلَيْهِمْ طَيْرًا أَبَابِيلَ\n🇪🇸\nY envió sobre ellos bandadas de aves "
                  },
                  {
                     "title": "Ayah 4/5",
                     "video": "https://youtu.be/n6ESit_EQ2Y",
                     "body": "Sura 105 - Ayat 4\n\nتَرْمِيهِم بِحِجَارَةٍ مِّن سِجِّيلٍ\n🇪🇸\nque les arrojaron piedras de arcilla dura, "
                  },
                  {
                     "title": "Ayah 5/5",
                     "video": "https://youtu.be/-LVK3JUKOPs",
                     "body": "Sura 105 - Ayat 5\n\nفَجَعَلَهُمْ كَعَصْفٍ مَّأْكُولِۭ\n🇪🇸\ny los dejó como heno carcomido. "
                  },
                  {
                     "title": "La sura completa",
                     "video": "https://youtu.be/41BFgus8oqU",
                     "body": "Para practicar\nEnvía a mi en whatsapp\n\nWa.me/+201110371247\nWa.me/+201090578754"
                  }
               ]
            },
            {
               "header": "SURAT AL-HOMAZAH (104)",
               "nestedTopics": [
                  {
                     "title": "Ayah 1/9",
                     "video": "https://youtu.be/GOurNyV_oS0",
                     "body": "Sura 104 - Ayat 1\n\nوَيْلٌ لِّكُلِّ هُمَزَةٍ لُّمَزَةٍ\n🇪🇸\n¡Ay del castigo que les aguarda al difamador y al calumniador, "
                  },
                  {
                     "title": "Ayah 2/9",
                     "video": "https://youtu.be/ejt03n7toFY",
                     "body": "Sura 104 - Ayat 2\n\nٱلَّذِى جَمَعَ مَالاً وَعَدَّدَهُۥ\n🇪🇸\nal que acumula bienes materiales y los cuenta una y otra vez"
                  },
                  {
                     "title": "Ayah 3/9",
                     "video": "https://youtu.be/VV6XVoNSgFE",
                     "body": "Sura 104 - Ayat 3\n\nيَحْسَبُ أَنَّ مَالَهُۥٓ أَخْلَدَهُۥ\n🇪🇸\ncreyendo que su riqueza lo hará vivir eternamente! "
                  },
                  {
                     "title": "Ayah 4/9",
                     "video": "https://youtu.be/M55WmkyknHU",
                     "body": "Sura 104 - Ayat 4\n\nكَلَّا‌ۖ لَيُنۢبَذَنَّ فِى ٱلْحُطَمَةِ\n🇪🇸\nPor el contrario, serán arrojados en un fuego demoledor. "
                  },
                  {
                     "title": "Ayah 5/9",
                     "video": "https://youtu.be/It333AJpOrk",
                     "body": "Sura 104 - Ayat 5\n\nوَمَآ أَدْرَٮٰكَ مَا ٱلْحُطَمَةُ\n🇪🇸\n¿Y qué te hará comprender lo que es un fuego demoledor? "
                  },
                  {
                     "title": "Ayah 6/9",
                     "video": "https://youtu.be/qKMatI5qOMU",
                     "body": "Sura 104 - Ayat 6\n\nنَارُ ٱللَّهِ ٱلْمُوقَدَةُ\n🇪🇸\nEs un fuego encendido por Dios  "
                  },
                  {
                     "title": "Ayah 7/9",
                     "video": "https://youtu.be/8vvovux1FRk",
                     "body": "Sura 104 - Ayat 7\n\nٱلَّتِى تَطَّلِعُ عَلَى ٱلْأَفْــِٔدَةِ\n🇪🇸\ncuyo dolor alcanza los corazones. "
                  },
                  {
                     "title": "Ayah 8/9",
                     "video": "https://youtu.be/UlLnTCQRnK4",
                     "body": "Sura 104 - Ayat 8\n\nإِنَّهَا عَلَيْهِم مُّؤْصَدَةٌ\n🇪🇸\nEl Infierno se cerrará en torno a ellos "
                  },
                  {
                     "title": "Ayah 9/9",
                     "video": "https://youtu.be/Jxt3q-NjOVw",
                     "body": "Sura 104 - Ayat 9\n\nفِى عَمَدٍ مُّمَدَّدَةِۭ\n🇪🇸\ncon columnas inmensas. "
                  },
                  {
                     "title": "La sura completa",
                     "video": "https://youtu.be/23GZDNxLsS8",
                     "body": "Para practicar\nEnvía a mi en whatsapp\n\nWa.me/+201110371247\nWa.me/+201090578754"
                  }
               ]
            },
            {
               "header": "SURAT AL(3)ASR (103)",
               "nestedTopics": [
                  {
                     "title": "Ayah 1/3",
                     "video": "https://youtu.be/dGySqktFa9I",
                     "body": "Sura 103 - Ayat 1\n\nوَٱلْعَصْرِ\n🇪🇸\nJuro por el tiempo"
                  },
                  {
                     "title": "Ayah 2/3",
                     "video": "https://youtu.be/umibDlXIV2g",
                     "body": "Sura 103 - Ayat 2\n\nإِنَّ ٱلْإِنسَـٰنَ لَفِى خُسْرٍ\n🇪🇸\nque los seres humanos están en la perdición, "
                  },
                  {
                     "title": "Ayah 3/3",
                     "video": "https://youtu.be/uVB8u_n-ZwU",
                     "body": "Sura 103 - Ayat 3\n\nإِلَّا ٱلَّذِينَ ءَامَنُواْ وَعَمِلُواْ ٱلصَّـٰلِحَـٰتِ وَتَوَاصَوْاْ بِٱلْحَقِّ وَتَوَاصَوْاْ بِٱلصَّبْرِ\n🇪🇸\nexcepto aquellos que crean, obren rectamente, y se aconsejen mutuamente con la verdad y con la paciencia [ante las adversidades]. "
                  },
                  {
                     "title": "La sura completa",
                     "video": "https://youtu.be/28r9wsJNn7w",
                     "body": "Para practicar\nEnvía a mi en whatsapp\n\nWa.me/+201110371247\nWa.me/+201090578754"
                  }
               ]
            },
            {
               "header": "SURAT AL-TAKA(TH°)OR (102)",
               "nestedTopics": [
                  {
                     "title": "Ayah 1/8",
                     "video": "https://youtu.be/WrjEvFW0yqE",
                     "body": "Sura 102 - Ayat 1\n\nأَلْهَـٰكُمُ ٱلتَّكَاثُرُ\n🇪🇸\nEl afán de tener más y más os domina "
                  },
                  {
                     "title": "Ayah 2/8",
                     "video": "https://youtu.be/adoZ2qwJkIQ",
                     "body": "Sura 102 - Ayat 2\n\nحَتَّىٰ زُرْتُمُ ٱلْمَقَابِرَ\n🇪🇸\nhasta que la muerte os sorprenda y entréis en la tumba. "
                  },
                  {
                     "title": "Ayah 3/8",
                     "video": "https://youtu.be/aH4BvTduNZU",
                     "body": "Sura 102 - Ayat 3\n\nكَلَّا سَوْفَ تَعْلَمُونَ\n🇪🇸\n¡No deberíais comportaros así! Ya os vais a enterar [que obrar para la otra vida es superior]. "
                  },
                  {
                     "title": "Ayah 4/8",
                     "video": "https://youtu.be/dMQ7zLi01Hk",
                     "body": "Sura 102 - Ayat 4\n\nثُمَّ كَلَّا سَوْفَ تَعْلَمُونَ\n🇪🇸\nUna vez más: ¡No deberíais comportaros así! Ya os vais a enterar [que obrar para la otra vida es superior]. "
                  },
                  {
                     "title": "Ayah 5/8",
                     "video": "https://youtu.be/wIQEUWCgV0E",
                     "body": "Sura 102 - Ayat 5\n\nكَلَّا لَوْ تَعْلَمُونَ عِلْمَ ٱلْيَقِينِ\n🇪🇸\nSi hubierais sabido con certeza [el castigo de quienes consumen su vida en el afán de tener más y más, habríais cambiado el rumbo de vuestras vidas]. "
                  },
                  {
                     "title": "Ayah 6/8",
                     "video": "https://youtu.be/NPzBSY0h21Y",
                     "body": "Sura 102 - Ayat 6\n\nلَتَرَوُنَّ ٱلْجَحِيمَ\n🇪🇸\nHabréis de ver el fuego del Infierno, "
                  },
                  {
                     "title": "Ayah 7/8",
                     "video": "https://youtu.be/alpyOa2fw5c",
                     "body": "Sura 102 - Ayat 7\n\nثُمَّ لَتَرَوُنَّهَا عَيْنَ ٱلْيَقِينِ\n🇪🇸\ny lo veréis con los ojos de la certeza. "
                  },
                  {
                     "title": "Ayah 8/8",
                     "video": "https://youtu.be/juDJQYReW1Q",
                     "body": "Sura 102 - Ayat 8\n\nثُمَّ لَتُسْــَٔلُنَّ يَوْمَئِذٍ عَنِ ٱلنَّعِيمِ\n🇪🇸\nLuego, ese día [del Juicio] se os preguntará por cada bendición que habéis recibido [durante la vida mundanal]. "
                  },
                  {
                     "title": "La sura completa",
                     "video": "https://youtu.be/PKlkmy_glv4",
                     "body": "Para practicar\nEnvía a mi en whatsapp\n\nWa.me/+201110371247\nWa.me/+201090578754"
                  }
               ]
            },
            {
               "header": "SURAT AL-QARE(3)A (101)",
               "nestedTopics": [
                  {
                     "title": "Ayah 1/11",
                     "video": "https://youtu.be/t9o82PcONtQ",
                     "body": "Sura 101 - Ayat 1\n\nٱلْقَارِعَةُ\n🇪🇸\nEl evento repentino. "
                  },
                  {
                     "title": "Ayah 2/11",
                     "video": "https://youtu.be/CXQOBPT7gAw",
                     "body": "Sura 101 - Ayat 2\n\nمَا ٱلْقَارِعَةُ\n🇪🇸\n¿Qué es el evento repentino? "
                  },
                  {
                     "title": "Ayah 3/11",
                     "video": "https://youtu.be/7DHzFZVJoR8",
                     "body": "Sura 101 - Ayat 3\n\nوَمَآ أَدْرَٮٰكَ مَا ٱلْقَارِعَةُ\n🇪🇸\n¿Y qué te hará comprender la magnitud del evento repentino? "
                  },
                  {
                     "title": "Ayah 4/11",
                     "video": "https://youtu.be/5_jzctXWljI",
                     "body": "Sura 101 - Ayat 4\n\nيَوْمَ يَكُونُ ٱلنَّاسُ كَٱلْفَرَاشِ ٱلْمَبْثُوثِ\n🇪🇸\nEse día la gente parecerá mariposas dispersas, "
                  },
                  {
                     "title": "Ayah 5/11",
                     "video": "https://youtu.be/aSm6q-F12Uk",
                     "body": "Sura 101 - Ayat 5\n\nوَتَكُونُ ٱلْجِبَالُ كَٱلْعِهْنِ ٱلْمَنفُوشِ\n🇪🇸\ny las montañas copos de lana cardada. "
                  },
                  {
                     "title": "Ayah 6/11",
                     "video": "https://youtu.be/poPNwLeDDUc",
                     "body": "Sura 101 - Ayat 6\n\nفَأَمَّا مَن ثَقُلَتْ مَوَٲزِينُهُۥ\n🇪🇸\nAquel cuyas obras buenas sean más pesadas en la balanza "
                  },
                  {
                     "title": "Ayah 7/11",
                     "video": "https://youtu.be/ZmryJ2zXIDs",
                     "body": "Sura 101 - Ayat 7\n\nفَهُوَ فِى عِيشَةٍ رَّاضِيَةٍ\n🇪🇸\ngozará de una vida placentera. "
                  },
                  {
                     "title": "Ayah 8/11",
                     "video": "https://youtu.be/KNWOtUnLTSM",
                     "body": "Sura 101 - Ayat 8\n\nوَأَمَّا مَنْ خَفَّتْ مَوَٲزِينُهُۥ\n🇪🇸\nEn cambio, aquel cuyas obras buenas sean más livianas en la balanza, "
                  },
                  {
                     "title": "Ayah 9/11",
                     "video": "https://youtu.be/V7Akt1U8Ofc",
                     "body": "Sura 101 - Ayat 9\n\nفَأُمُّهُۥ هَاوِيَةٌ\n🇪🇸\nsu morada estará en el abismo. "
                  },
                  {
                     "title": "Ayah 10/11",
                     "video": "https://youtu.be/PN3j0NTC8x4",
                     "body": "Sura 101 - Ayat 10\n\nوَمَآ أَدْرَٮٰكَ مَا هِيَهْ\n🇪🇸\n¿Y qué te hará comprender qué es el abismo? "
                  },
                  {
                     "title": "Ayah 11/11",
                     "video": "https://youtu.be/0HO2Ns0prfU",
                     "body": "Sura 101 - Ayat 11\n\nنَارٌ حَامِيَةُۢ\n🇪🇸\nEs un fuego abrasador. "
                  },
                  {
                     "title": "La sura completa",
                     "video": "https://youtu.be/eeYe8lepRp8",
                     "body": "Para practicar\nEnvía a mi en whatsapp\n\nWa.me/+201110371247\nWa.me/+201090578754"
                  }
               ]
            },
            {
               "header": "SURAT AL-(3)ADEYAT (100)",
               "nestedTopics": [
                  {
                     "title": "Ayah 1/11",
                     "video": "https://youtu.be/9xpAc49cfeU",
                     "body": "Sura 100 - Ayat 1\n\nوَٱلْعَـٰدِيَـٰتِ ضَبْحًا\n🇪🇸\nJuro por los corceles que se lanzan relinchando "
                  },
                  {
                     "title": "Ayah 2/11",
                     "video": "https://youtu.be/Q2Kr72T4tj8",
                     "body": "Sura 100 - Ayat 2\n\nفَٱلْمُورِيَـٰتِ قَدْحًا\n🇪🇸\ny arrancan chispas con sus cascos "
                  },
                  {
                     "title": "Ayah 3/11",
                     "video": "https://youtu.be/xt1Q1chsz5s",
                     "body": "Sura 100 - Ayat 3\n\nفَٱلْمُغِيرَٲتِ صُبْحًا\n🇪🇸\ny sorprenden al amanecer "
                  },
                  {
                     "title": "Ayah 4/11",
                     "video": "https://youtu.be/NFag6VXlWqc",
                     "body": "Sura 100 - Ayat 4\n\nفَأَثَرْنَ بِهِۦ نَقْعًا\n🇪🇸\nlevantando una nube de polvo, "
                  },
                  {
                     "title": "Ayah 5/11",
                     "video": "https://youtu.be/PCp7OKGZUXs",
                     "body": "Sura 100 - Ayat 5\n\nفَوَسَطْنَ بِهِۦ جَمْعًا\n🇪🇸\ne irrumpiendo en las filas del enemigo, "
                  },
                  {
                     "title": "Ayah 6/11",
                     "video": "https://youtu.be/YiFBQxynclM",
                     "body": "Sura 100 - Ayat 6\n\nإِنَّ ٱلْإِنسَـٰنَ لِرَبِّهِۦ لَكَنُودٌ\n🇪🇸\nque el ser humano es ingrato con su Señor. "
                  },
                  {
                     "title": "Ayah 7/11",
                     "video": "https://youtu.be/ZR9FDYgfpGE",
                     "body": "Sura 100 - Ayat 7\n\nوَإِنَّهُۥ عَلَىٰ ذَٲلِكَ لَشَهِيدٌ\n🇪🇸\nY él mismo es testigo de ello"
                  },
                  {
                     "title": "Ayah 8/11",
                     "video": "https://youtu.be/vmcIFnPo5ck",
                     "body": "Sura 100 - Ayat 8\n\nوَإِنَّهُۥ لِحُبِّ ٱلْخَيْرِ لَشَدِيدٌ\n🇪🇸\nporque tiene una codicia apasionada por los bienes materiales. "
                  },
                  {
                     "title": "Ayah 9/11",
                     "video": "https://youtu.be/Fy2KDXdgEV0",
                     "body": "Sura 100 - Ayat 9\n\n أَفَلَا يَعْلَمُ إِذَا بُعْثِرَ مَا فِى ٱلْقُبُورِ\n🇪🇸\n¿Acaso no sabe que cuando se haga surgir a quienes están en las sepulturas "
                  },
                  {
                     "title": "Ayah 10/11",
                     "video": "https://youtu.be/qcvB1uPpWww",
                     "body": "Sura 100 - Ayat 10\n\nوَحُصِّلَ مَا فِى ٱلصُّدُورِ\n🇪🇸\ny se evidencie lo que hay en los corazones"
                  },
                  {
                     "title": "Ayah 11/11",
                     "video": "https://youtu.be/fQpxtJ5TB4o",
                     "body": "Sura 100 - Ayat 11\n\nإِنَّ رَبَّهُم بِهِمْ يَوْمَئِذٍ لَّخَبِيرُۢ\n🇪🇸\nese día su Señor estará bien informado de lo que hicieron? "
                  },
                  {
                     "title": "La sura completa",
                     "video": "https://youtu.be/ycSQUNnGUS0",
                     "body": "Para practicar\nEnvía a mi en whatsapp\n\nWa.me/+201110371247\nWa.me/+201090578754"
                  }
               ]
            },
            {
               "header": "SURAT AZ-ZALZALA (99)",
               "nestedTopics": [
                  {
                     "title": "Ayah 1/8",
                     "video": "https://youtu.be/3iL5NxjdcKA",
                     "body": "Sura 99 - Ayat 1\n\nإِذَا زُلْزِلَتِ ٱلْأَرْضُ زِلْزَالَهَا\n🇪🇸\nCuando la Tierra sea sacudida por el gran terremoto, "
                  },
                  {
                     "title": "Ayah 2/8",
                     "video": "https://youtu.be/5n-qeSwS7sE",
                     "body": "Sura 99 - Ayat 2\n\nوَأَخْرَجَتِ ٱلْأَرْضُ أَثْقَالَهَا\n🇪🇸\ny expulse su carga [haciendo surgir a los muertos de sus tumbas], "
                  },
                  {
                     "title": "Ayah 3/8",
                     "video": "https://youtu.be/6TZGSeurfjI",
                     "body": "Sura 99 - Ayat 3\n\nوَقَالَ ٱلْإِنسَـٰنُ مَا لَهَا\n🇪🇸\ny el ser humano diga: “¿Qué le sucede a la Tierra?” "
                  },
                  {
                     "title": "Ayah 4/8",
                     "video": "https://youtu.be/alCZsn1abho",
                     "body": "Sura 99 - Ayat 4\n\nيَوْمَئِذٍ تُحَدِّثُ أَخْبَارَهَا\n🇪🇸\nEse día, la Tierra dará testimonio de todo cuanto sucedió sobre ella, "
                  },
                  {
                     "title": "Ayah 5/8",
                     "video": "https://youtu.be/mg7W23fvB7U",
                     "body": "Sura 99 - Ayat 5\n\nبِأَنَّ رَبَّكَ أَوْحَىٰ لَهَا\n🇪🇸\npor orden de su Señor. "
                  },
                  {
                     "title": "Ayah 6/8",
                     "video": "https://youtu.be/BcwW4pMmuDU",
                     "body": "Sura 99 - Ayat 6\n\nيَوْمَئِذٍ يَصْدُرُ ٱلنَّاسُ أَشْتَاتًا لِّيُرَوْاْ أَعْمَـٰلَهُمْ\n🇪🇸\nEntonces, los seres humanos acudirán al Día del Juicio en grupos para conocer el resultado de sus obras. "
                  },
                  {
                     "title": "Ayah 7/8",
                     "video": "https://youtu.be/FgSHtOZVZ1U",
                     "body": "Sura 99 - Ayat 7\n\nفَمَن يَعْمَلْ مِثْقَالَ ذَرَّةٍ خَيْرًا يَرَهُۥ\n🇪🇸\nQuien haya realizado una obra de bien, tan pequeña como un átomo, la encontrará registrada. "
                  },
                  {
                     "title": "Ayah 8/8",
                     "video": "https://youtu.be/F8OMXdRetSo",
                     "body": "Sura 99 - Ayat 8\n\nوَمَن يَعْمَلْ مِثْقَالَ ذَرَّةٍ شَرًّا يَرَهُۥ\n🇪🇸\nY quien haya realizado una mala obra, tan pequeña como un átomo, la encontrará registrada. "
                  },
                  {
                     "title": "La sura completa",
                     "video": "https://youtu.be/_cHJA2cTcOQ",
                     "body": "Para practicar\nEnvía a mi en whatsapp\n\nWa.me/+201110371247\nWa.me/+201090578754"
                  }
               ]
            }
         ]
      }
   ]
}