{
  "RasuluAllah": {
    "Videos": {
      "Videos - Kit para el Nuevo Musulmán": {
        "Los Seis Dias de Shawal": "https://rasoulallah.net/es/videos/video/15405",
        "El Dia del Juicio Final": "https://rasoulallah.net/es/videos/video/15404",
        "El Mes de Ramadán": "https://rasoulallah.net/es/videos/video/15371",
        "Ramadán, Una Oportunidad Única para Cambiar": "https://rasoulallah.net/es/videos/video/15358",
        "Ramadán, el Tiempo de la Misericordia": "https://rasoulallah.net/es/videos/video/15357",
        "El Ayuno del Musulmán": "https://rasoulallah.net/es/videos/video/15356",
        "Ramadan TV en Español - Shayj Ali Laraki": "https://rasoulallah.net/es/videos/video/15337",
        "Tus Deberes Durante el Mes de Ramadán (Parte 1)": "https://rasoulallah.net/es/videos/video/15316",
        "Tus Deberes Durante el Mes de Ramadán (Parte 2)": "https://rasoulallah.net/es/videos/video/15315",
        "¿Qué Es Ramadán?": "https://rasoulallah.net/es/videos/video/15314",
        "La Misericordia y el Trono de Allah (1)": "https://rasoulallah.net/es/videos/video/15298",
        "La Verdad Sobre la Historia Islámica": "https://rasoulallah.net/es/videos/video/15192",
        "La Importancia de Seguir la Sunna del Profeta (saaus)": "https://rasoulallah.net/es/videos/video/15175",
        "Aprender a recitar Surah Al-Fatiha": "https://rasoulallah.net/es/videos/video/15129",
        "Como realizar la Ablución": "https://rasoulallah.net/es/videos/video/15128"
      },
      "Videos": {
        "¿Es Jesús Dios ?": "https://rasoulallah.net/es/videos/video/18969",
        "​El Profeta Muhammad (PBUH) nos enseñó a tratar a los animales con amabilidad": "https://rasoulallah.net/es/videos/video/18858",
        "Y ellos dicen que él es malo": "https://rasoulallah.net/es/videos/video/18352",
        "El camino hacia la supervivencia en medio de la pandemia de COVID 19": "https://rasoulallah.net/es/videos/video/17781",
        "Por qué los musulmanes realizan el Hajj?": "https://rasoulallah.net/es/videos/video/15500",
        "Hadith Qudsi. [El último Hombre que Entrará al Paraíso]": "https://rasoulallah.net/es/videos/video/15182"
      },
      "Historias Inspiradoras": {
        "La Vida de Omar Ibn Jatab": "https://rasoulallah.net/es/videos/video/15461",
        "La Intercesión del Profeta Muhammd (saaws) a Favor de Su Umma": "https://rasoulallah.net/es/videos/video/15439",
        "El Buen Trato a los Animales": "https://rasoulallah.net/es/videos/video/15434",
        "\"Patrullas nocturnas con ´Umar Ibn Al Khattab\"": "https://rasoulallah.net/es/videos/video/15424"
      },
      "La personalidad del Profeta": {
        "El hombre de Tolerancia y noble Perdón": "https://rasoulallah.net/es/videos/video/18317",
        "Muhammad el Profeta, el Hombre de la Permisividad": "https://rasoulallah.net/es/videos/video/18316",
        "Muhammad el Profeta, el Hombre de la Elegancia y Belleza": "https://rasoulallah.net/es/videos/video/18315",
        "El Hombre de la Educación": "https://rasoulallah.net/es/videos/video/18314",
        "Muhammad el Profeta, el hombre de Ciencia y Civilización.": "https://rasoulallah.net/es/videos/video/18313",
        "Muhammad el Profeta, el Hombre de Buenas Costumbres": "https://rasoulallah.net/es/videos/video/18312",
        "Constructor de un Urbanismo Destacado": "https://rasoulallah.net/es/videos/video/18311",
        "Con su Familia": "https://rasoulallah.net/es/videos/video/18310",
        "Con Él Mismo": "https://rasoulallah.net/es/videos/video/18309",
        "Anima a los Nobles y Refinados Deportes": "https://rasoulallah.net/es/videos/video/18308",
        "Amigable y Bondadoso": "https://rasoulallah.net/es/videos/video/18307"
      }
    }
  }
}
